rep,features,metric,top1,distance_top1,sep_top1,marge_top1_top2
0,mfw,cosine_delta,GLK,0.6820854149094987,-3.0990940493439045,0.025288710587722973
0,mfw,burrows_delta,Beendo Z,0.6867053644256721,-2.1605888529090667,0.00020162262953637988
0,char,cosine_delta,Beendo Z,0.7933865311287,-2.5382693711656326,0.014280602914507057
0,char,burrows_delta,L’Animalerie,0.7644985597546686,-2.1386949542843374,0.020230670640561277
1,mfw,cosine_delta,Werenoi,0.6992868021204504,-2.913343015446847,0.009744312277162992
1,mfw,burrows_delta,Lacrim,0.6711299164926104,-2.284640825015532,0.015031224123265963
1,char,cosine_delta,Beendo Z,0.7885029019638592,-2.558605988328455,0.025586431331733106
1,char,burrows_delta,Zkr,0.7607485244438867,-2.086340855632224,0.004338468560481035
2,mfw,cosine_delta,SCH,0.6723078334727995,-3.261127733134707,0.06185432156514381
2,mfw,burrows_delta,Zkr,0.6853399074667693,-2.1208486325321725,0.013462979810416886
2,char,cosine_delta,SCH,0.8096110275085009,-2.265639070126477,0.004346441925560884
2,char,burrows_delta,L’Animalerie,0.7629967853370269,-2.020544802712621,0.007864975029441501
3,mfw,cosine_delta,Rimkus,0.7299643801200997,-2.696262063325101,0.0029328223506071005
3,mfw,burrows_delta,SCH,0.6832775329367976,-2.179691337313188,0.006264396318352183
3,char,cosine_delta,Maes,0.8085113266196825,-2.4148057006381674,0.006145684349034841
3,char,burrows_delta,L’Animalerie,0.7670307860471853,-2.0769311691972967,0.012735790333026964
4,mfw,cosine_delta,Beendo Z,0.7074184963147061,-2.8436149729793088,0.002970783221901363
4,mfw,burrows_delta,Lacrim,0.6768712079832011,-2.122195136543888,0.009406866459364949
4,char,cosine_delta,Beendo Z,0.799908968526237,-2.4587354694902532,0.0030434257579843305
4,char,burrows_delta,L’Animalerie,0.7547402831973371,-2.118089622480799,0.002900795185944882
5,mfw,cosine_delta,Lemon Haze,0.7329360813155587,-2.693491570156894,0.009808854433554948
5,mfw,burrows_delta,Nahir,0.6553914879924191,-2.4268664223295704,0.024223748548852786
5,char,cosine_delta,Kerchak,0.798750475617791,-2.5153331814559836,0.01956771040165073
5,char,burrows_delta,Zkr,0.7445290854983104,-2.3010049107909527,0.013733518456968352
6,mfw,cosine_delta,Rimkus,0.7097051775027364,-2.9800377680613894,0.04682395908620929
6,mfw,burrows_delta,Zkr,0.6379574251428298,-2.6580328921723426,0.05334677911648411
6,char,cosine_delta,Zkr,0.7639714561872075,-2.9107412843025946,0.04568732522164187
6,char,burrows_delta,Zkr,0.734476707343238,-2.456537815103501,0.04015842574488493
7,mfw,cosine_delta,Werenoi,0.7314808523316837,-2.7421045561263515,0.0014695378983566876
7,mfw,burrows_delta,Zkr,0.6600002595119836,-2.382812531426332,0.03487219520525098
7,char,cosine_delta,JuL,0.8130418588644462,-2.3270754809696492,0.0011680910362047436
7,char,burrows_delta,L’Animalerie,0.7641036474127576,-1.9951415115609061,0.0008512534951000683
8,mfw,cosine_delta,SCH,0.7062748352395418,-2.882954254678133,0.004529437810066206
8,mfw,burrows_delta,ISK,0.679312462917852,-2.2497205731647387,0.005527840913790216
8,char,cosine_delta,ISK,0.7680216007670944,-2.8377721053856373,0.048617352408282244
8,char,burrows_delta,ISK,0.7532262245433872,-2.2823276010437765,0.0001697741953059495
9,mfw,cosine_delta,SCH,0.6835340222615278,-3.0889958695727975,0.03671737595660329
9,mfw,burrows_delta,Zkr,0.6482639197898609,-2.533206038300501,0.030939805888351657
9,char,cosine_delta,Zkr,0.7841119922729773,-2.640128144795729,0.01058444220332444
9,char,burrows_delta,Zkr,0.7524957160689991,-2.23038950953935,0.01999124971029298
10,mfw,cosine_delta,Rimkus,0.7166093062018091,-2.7658331230359585,0.009378004839986298
10,mfw,burrows_delta,S-Pion,0.6790156282138241,-2.128497995006035,0.004374076412571148
10,char,cosine_delta,Beendo Z,0.7800166787213614,-2.6976387250494365,0.015974089899500776
10,char,burrows_delta,L’Animalerie,0.766161904588999,-2.0238430923797917,0.005272505649331016
11,mfw,cosine_delta,Rimkus,0.7007864733090541,-2.944561230571333,0.0407833123200414
11,mfw,burrows_delta,Zkr,0.6926162441579088,-2.005198506239952,0.006383252488802227
11,char,cosine_delta,ISK,0.8038803181214953,-2.400693421388618,0.0009039709722208356
11,char,burrows_delta,Zkr,0.7486843440998174,-2.270765729678564,0.009304720815059064
12,mfw,cosine_delta,Rimkus,0.6975008747981788,-3.0067287656391826,0.03226525419069526
12,mfw,burrows_delta,ISK,0.6914202758459216,-2.0669509311415197,0.010722712528776213
12,char,cosine_delta,Djadja & Dinaz,0.8158602401176552,-2.243971535210152,0.0005408296401373525
12,char,burrows_delta,L’Animalerie,0.7623380322638821,-2.1576015069447165,0.011273275379563241
13,mfw,cosine_delta,Lemon Haze,0.740346164872633,-2.537291332434655,0.002515201151005453
13,mfw,burrows_delta,Zkr,0.6834331108402175,-2.185136305266833,0.02235399630831625
13,char,cosine_delta,Beendo Z,0.7807290201779267,-2.634628938291277,0.02351257807264484
13,char,burrows_delta,Zkr,0.7671602388805162,-2.1086126087622015,0.012754329630203065
14,mfw,cosine_delta,Werenoi,0.7417587305552261,-2.5771524709111886,0.015217653527304309
14,mfw,burrows_delta,Nahir,0.6946490420346986,-1.985787685957055,0.0005472589483082047
14,char,cosine_delta,Beendo Z,0.8005044861994828,-2.4267324929938137,0.01602484114607372
14,char,burrows_delta,Niro,0.7533599384448175,-2.1879197014737675,0.015492307237643721
15,mfw,cosine_delta,Lemon Haze,0.7219637161950249,-2.7262761169155767,0.013604988619451475
15,mfw,burrows_delta,ISK,0.6935163418024798,-1.966570806668419,0.0013098722969845378
15,char,cosine_delta,Kerchak,0.792974287762227,-2.567587096613779,0.02483303495419953
15,char,burrows_delta,L’Animalerie,0.7621486987629108,-2.0428773084388507,0.015890807291879305
16,mfw,cosine_delta,Lemon Haze,0.7429779975154532,-2.6334881804957897,0.00032637529073920035
16,mfw,burrows_delta,ISK,0.6925864833126175,-2.002571923593388,0.0004378990319889864
16,char,cosine_delta,Beendo Z,0.7736310338100024,-2.8056364781164587,0.04968619584587719
16,char,burrows_delta,L’Animalerie,0.7631044589575865,-2.0515859140479225,0.0069770979004674105
17,mfw,cosine_delta,Rimkus,0.6980859074931274,-3.015205528451288,0.04259444522924094
17,mfw,burrows_delta,Zkr,0.6483485051568016,-2.6144405128164583,0.0136746147906317
17,char,cosine_delta,Beendo Z,0.8128575926675609,-2.2811552418048393,0.0013987693170419702
17,char,burrows_delta,L’Animalerie,0.7657609091995888,-2.100660107216126,0.013349765745454212
18,mfw,cosine_delta,Werenoi,0.7148857320562283,-2.7932722435454354,0.0005424019548897485
18,mfw,burrows_delta,Zkr,0.6822314360361611,-2.2313406317832984,0.011933624685819488
18,char,cosine_delta,Kerchak,0.8085628972007313,-2.32906830324662,0.006644051521190519
18,char,burrows_delta,L’Animalerie,0.7562755150024962,-2.168611129956526,0.015773398417100903
19,mfw,cosine_delta,Rimkus,0.697237175733503,-3.034865528510862,0.018252374329182364
19,mfw,burrows_delta,ISK,0.6807404562718642,-2.1583880181801085,0.009644881316964171
19,char,cosine_delta,Kerchak,0.8031706534843983,-2.41424841341818,0.0073848624642833816
19,char,burrows_delta,Nakk Mendosa,0.7676967546199703,-1.9485103594609594,0.005565632373351614
20,mfw,cosine_delta,SCH,0.7336535416367386,-2.6909359389610965,0.016643955873580252
20,mfw,burrows_delta,Lacrim,0.6778505257761892,-2.2757933038173745,0.012254066707834022
20,char,cosine_delta,Beendo Z,0.7819805533211501,-2.666479059543851,0.030639911699269495
20,char,burrows_delta,L’Animalerie,0.7663153912184304,-2.084097514014751,0.006999253326983146
21,mfw,cosine_delta,ISK,0.742799071824192,-2.522541002949939,0.0015775594926777936
21,mfw,burrows_delta,Zkr,0.6603577847478791,-2.3939196476533984,0.013915825640751223
21,char,cosine_delta,Zkr,0.8010538166317226,-2.411663856630665,0.007498492061494777
21,char,burrows_delta,Zkr,0.7491909939811842,-2.221996867050209,0.01042575921986566
22,mfw,cosine_delta,ISK,0.7146186046511619,-2.8499837600184623,0.00016635948384635668
22,mfw,burrows_delta,ISK,0.679139701662352,-2.224365100670671,0.023862139595736465
22,char,cosine_delta,ISK,0.7971730208925287,-2.5008578523435823,0.019281426540923463
22,char,burrows_delta,S-Crew,0.748956974385084,-2.203751062774851,0.012397578678860266
23,mfw,cosine_delta,Maes,0.7406146878082304,-2.594370514310236,0.00514928851285934
23,mfw,burrows_delta,Zkr,0.698962389889331,-2.072306697587275,0.011559567526940318
23,char,cosine_delta,Beendo Z,0.7882829691102282,-2.574420728283282,0.010292814002097028
23,char,burrows_delta,Zkr,0.7713537989385892,-1.9820762209735905,0.005554268283659125
24,mfw,cosine_delta,Rimkus,0.7198765152330727,-2.8024718222653777,0.012009503205198002
24,mfw,burrows_delta,Zkr,0.6756578689356408,-2.275617013251578,0.02296275819746696
24,char,cosine_delta,ISK,0.7686900976044434,-2.8158713403515674,0.029727569502516094
24,char,burrows_delta,L’Animalerie,0.7662944851574831,-2.085396167036371,0.0003850343545311885
25,mfw,cosine_delta,SCH,0.7293406123134226,-2.6735262797796366,0.004354139337939156
25,mfw,burrows_delta,GLK,0.6838343960596899,-2.0530016661720683,7.36221608937937e-05
25,char,cosine_delta,Beendo Z,0.8079392173983508,-2.3363564580028533,0.0023310907398672587
25,char,burrows_delta,L’Animalerie,0.7708639221723055,-1.877967792593593,0.006960847419067551
26,mfw,cosine_delta,Rimkus,0.7163927507881029,-2.813070119393816,0.010584493347007617
26,mfw,burrows_delta,Zkr,0.6665253924868696,-2.2801502511028775,0.026424304826353384
26,char,cosine_delta,Zkr,0.7943101552802219,-2.5053706059944907,0.014687712955280263
26,char,burrows_delta,Zkr,0.7574454717061065,-2.130154124895002,0.007077899509165597
27,mfw,cosine_delta,Rimkus,0.7024408806835367,-2.965315985303137,0.04364245095762109
27,mfw,burrows_delta,Zkr,0.6805225283143681,-2.262423603609144,0.004487052650117951
27,char,cosine_delta,Zkr,0.8087899152269082,-2.365851977949485,0.002939782141606395
27,char,burrows_delta,L’Animalerie,0.7613783752254442,-2.169022026943391,0.006719451208795801
28,mfw,cosine_delta,GLK,0.6991135264873753,-2.925587874875204,0.011720027733098548
28,mfw,burrows_delta,GLK,0.6719667350408653,-2.262752543609121,0.011016875334419196
28,char,cosine_delta,Beendo Z,0.7811045537108231,-2.6395415346006086,0.03114013066337329
28,char,burrows_delta,L’Animalerie,0.7671800669538686,-2.0865319071473483,0.002768145293944979
29,mfw,cosine_delta,Rimkus,0.7010386366006479,-2.9412908653620113,0.04319343151596067
29,mfw,burrows_delta,Maes,0.682782723056069,-2.1182767625368726,0.010018095026986806
29,char,cosine_delta,ISK,0.7950825082654001,-2.5135128583145137,0.01070714815120033
29,char,burrows_delta,Zkr,0.752427069962164,-2.1700378734507835,0.011177291913513132
