artist,titres,titres_ecartes,mots_avant,mots_apres,part_ecartee,sort_du_test
Shtar Academy,28,25,16420,381,0.9767965895249695,True
L’Animalerie,23,17,25371,4082,0.8391076425840527,True
Manu Key,61,35,34570,11152,0.6774081573618744,True
Princess Aniès,20,13,13720,4653,0.6608600583090378,True
Beat de Boul,18,9,15476,6064,0.6081674851382786,True
113,81,47,49600,19809,0.600625,False
Mokobé,35,17,16105,6856,0.574293697609438,True
Intouchable,32,17,25762,11274,0.5623786973061098,True
High Five Crew,26,12,17143,7611,0.5560286997608352,True
L.I.O. Petrodollars,26,11,15037,6866,0.5433929640220789,True
Mafia Trece,31,16,21671,10090,0.5344008121452632,True
Ärsenik (Group),37,19,28190,13201,0.5317133735367152,False
Alibi Montana,49,24,28515,13520,0.525863580571629,False
Mister You,167,76,109070,52081,0.5224993123682039,False
Gims,202,88,108752,52490,0.5173422097984405,False
Prince Waly,30,14,12774,6182,0.516048222952873,True
Unité 2 Feu,47,24,36985,17901,0.5159929701230228,False
Mystik,82,38,52061,25257,0.5148575709264133,False
Bisso Na Bisso,23,13,14178,6884,0.5144590210184794,True
Lady Laistee,53,26,27463,13425,0.5111604704511525,False
McFly & Carlito,37,14,13796,6750,0.5107277471730937,True
Joey Starr,30,14,13573,6692,0.5069623517276947,True
Alkpote,237,109,150553,75306,0.49980405571459885,False
Cuizinier,31,15,16246,8169,0.4971685337929337,True
Alpha 5.20,116,48,51684,26020,0.49655599411810236,False
Dany Dan,74,34,37476,19003,0.49292880777030634,False
Rim’K,135,60,70926,36671,0.48296816400191744,False
Nekfeu,137,43,108915,56320,0.4828995087912592,False
S-Crew,83,25,79701,41272,0.482164590155707,False
Kery James,155,74,111215,57635,0.48176954547498085,False
Neg’ Marrons,72,32,48968,25406,0.4811713772259435,False
Zesau,56,23,29256,15246,0.478876127973749,False
S.Pri Noir,103,44,51673,27518,0.4674588276275812,False
Mani Deïz,32,13,17847,9525,0.4662968566145571,True
Lomepal,109,28,75579,40586,0.46299898119848104,False
Sexion d’Assaut,208,90,195014,104880,0.46219245797737596,False
Sat l’Artificier,55,24,40944,22030,0.46194802657288003,False
Noyau Dur,14,6,12229,6625,0.4582549676997302,True
Seth Gueko,209,83,116429,63599,0.45375293097080627,False
Mister V,80,31,38736,21235,0.45180194134655105,False
Zoxea,47,19,26570,14706,0.4465186300338728,False
Gringe,27,8,18104,10069,0.44382456915598767,True
TLF,63,28,38368,21458,0.44073185988323604,False
Dadoo,22,9,13019,7287,0.44027959136646444,True
Doums,34,13,16452,9211,0.4401288597131048,True
Jok’Air,128,51,76872,43055,0.4399131022999272,False
Monsieur R,47,16,23135,13166,0.43090555435487354,False
Pit Baccardi,44,18,28539,16374,0.42625880374224745,False
Grödash,64,26,31939,18341,0.4257490841917405,False
Lino,58,25,44083,25339,0.4251979221014903,False
Canardo,110,39,52660,30327,0.424097987086973,False
Busta Flex,127,46,71370,41155,0.4233571528653496,False
Dika,33,12,19921,11503,0.4225691481351338,True
Shurik’n,66,25,36335,21075,0.4199807348286776,False
Mafia K’1 Fry,42,17,36985,21532,0.41781803433824527,False
Lacraps,124,48,70588,41208,0.4162180540601802,False
Kalash l’Afro,19,8,13356,7830,0.41374663072776285,True
Thabiti,34,14,15524,9214,0.40646740530791037,True
Kalash,95,31,38537,23014,0.40280769130965044,False
Dry,64,24,39379,23661,0.39914675334569183,False
Sam’s,103,39,60262,36260,0.39829411569479933,False
Dandyguel,70,22,34848,21009,0.397124655647383,False
Wallen,49,15,17493,10611,0.3934145086606071,True
Ol’ Kainry,166,59,95279,57851,0.3928252815415779,False
Flynt,49,15,31352,19046,0.39251084460321506,False
Alpha Wann,74,27,44282,26919,0.3921006277945892,False
Daddy Lord C,20,7,13955,8543,0.38781798638480836,True
Bigflo & Oli,119,39,105966,64903,0.38751108846233695,False
Saké (FRA),30,10,18039,11055,0.38716115083984703,True
Nakk Mendosa,102,36,67731,41570,0.38624854202654624,False
Ideal J,30,13,26372,16323,0.3810480812983468,False
Zek,58,22,32347,20102,0.3785513339722385,False
La Cliqua,27,10,20374,12676,0.37783449494453714,False
Stomy Bugsy,34,11,22095,13811,0.37492645394885715,False
Davodka,102,36,66648,41739,0.37373964710118834,False
Black M,121,40,72261,45355,0.37234469492534006,False
Booba,238,77,115917,72910,0.37101546796414675,False
Soprano,179,54,90696,57221,0.36909014730528356,False
Swift Guad,252,85,152412,96405,0.36747106527045115,False
Gazo,36,11,20891,13235,0.36647360107223204,False
Tunisiano,50,18,31240,19799,0.36622919334186943,False
Sinik,202,71,136791,86766,0.3657038840274579,False
Barack,71,25,35553,22559,0.3654825190560571,False
X-Men,38,13,25678,16321,0.36439753874912373,False
Le 3ème Œil,49,15,29411,18694,0.3643874740743259,False
Escobar Macson,34,13,17551,11162,0.364024841889351,True
4Keus,59,20,35841,22866,0.36201556876203234,False
Faf Larage,46,16,32405,20681,0.36179601913284987,False
L’Skadrille,40,15,29621,18909,0.3616353262887816,False
Graya,39,11,18845,12043,0.36094454762536476,False
H Magnum,87,29,45585,29134,0.36088625644400574,False
Suprême NTM,63,21,35309,22666,0.3580673482681469,False
R.E.D.K.,65,19,41730,26830,0.35705727294512346,False
Laylow,84,24,41141,26452,0.3570404219634914,False
Serane,80,25,30681,19761,0.35592060232717315,False
L’Algérino,122,41,61478,39601,0.3558508734831972,False
Ateyaba,135,37,56277,36251,0.3558469712315866,False
Médine,173,52,108754,70323,0.3533755080272909,False
Niska,108,35,59278,38420,0.35186747191200785,False
Kool Shen,47,14,28909,18757,0.35117091563181013,False
Despo Rutti,117,34,79632,51726,0.3504370102471368,False
Assassin (FRA),61,21,38045,24740,0.34971743987383364,False
Chiens de Paille,52,19,36316,23631,0.3492950765502809,False
Dosseh,171,54,104276,67854,0.34928459089339825,False
Sofiane,149,43,86582,56351,0.34916033355662834,False
Tiakola,24,8,14042,9168,0.347101552485401,True
Soolking,81,23,33131,21652,0.34647309166641516,False
SDM,54,18,31158,20412,0.34488734835355284,False
Rockin’ Squat,120,40,65301,42789,0.34474204070381775,False
Alonzo,171,52,90022,58988,0.34473795294483567,False
Hocus Pocus,54,19,26844,17590,0.34473252868424975,False
Le Rat Luciano,76,17,34902,22899,0.34390579336427707,False
Rocca,65,21,41494,27251,0.34325444642598935,False
Sultan,107,35,63087,41461,0.3427964556881766,False
La Fouine,315,99,197309,129734,0.34248311024839206,False
BraSco (FRA),31,11,18219,11982,0.34233492507821506,True
Lorenzo,113,32,33292,21906,0.3420040850654812,False
Les Sages Poètes de la Rue,103,31,66900,44092,0.34092675635276537,False
Deen Burbigo,83,24,51511,33979,0.3403544873910427,False
Népal,53,13,26098,17219,0.34021764119855924,False
Casseurs Flowters,48,15,33156,21904,0.3393654240559778,False
Joe Lucazz,53,15,26425,17502,0.3376726584673605,False
Zuukou Mayzie,75,20,27034,17916,0.3372789820226382,False
Fabe,76,23,48153,31975,0.33597075986958236,False
K-Reen,33,10,15138,10074,0.33452239397542605,True
Butter Bullets,103,31,43072,28690,0.33390601783060925,False
Stupeflip,156,41,50384,33564,0.33383613845665294,False
Lord Esperanza,160,43,81707,54550,0.3323705435274823,False
Akhenaton,163,51,106250,71211,0.3297788235294118,False
Fonky Family,69,20,57557,38616,0.32908247476414687,False
Octobre Rouge,60,19,39513,26596,0.3269050692177258,False
Fababy,102,30,62886,42389,0.3259390007314824,False
Freeze Corleone,153,44,78593,53252,0.3224332955861209,False
ASHE 22,83,25,37872,25726,0.3207118715673849,False
The Shin Sekaï,53,17,34765,23641,0.3199769883503524,False
Sniper,92,30,76722,52174,0.31996037642397224,False
Rimkus,25,7,16462,11205,0.31934151378933306,True
Abou Debeing,68,19,34600,23583,0.3184104046242775,False
Lacrim,216,64,125513,85843,0.31606287794889776,False
Nemir,51,13,20333,13947,0.3140707224708602,False
Jazzy Bazz,64,19,31754,21801,0.3134408263525855,False
La Caution,57,17,36058,24822,0.3116090742692329,False
JeanJass,43,11,18982,13111,0.3092930144347277,False
Ministère A.M.E.R.,25,8,15848,10967,0.3079883897021706,True
Triptik,42,13,23834,16506,0.3074599311907359,False
Nahir,80,24,47747,33144,0.3058412046830168,False
Gradur,103,31,57381,39941,0.3039333577316533,False
Still Fresh,98,25,47506,33079,0.3036879552056583,False
Roméo Elvis,88,20,49044,34161,0.3034621972106679,False
S-Pion,44,12,18182,12699,0.30156198438015624,False
Aketo,36,9,19711,13790,0.30039064481761457,False
Fayçal,62,15,33037,23133,0.2997850894451676,False
Doc Gynéco,62,15,24834,17396,0.29950873802045586,False
Demi Portion,182,47,94845,66521,0.2986346143708155,False
Georgio,178,46,112600,79098,0.29753108348134993,False
Hugo TSR,75,18,48527,34171,0.2958353081789519,False
Scred Connexion,66,18,45965,32369,0.2957902752093985,False
Youssoupha,161,39,93208,65783,0.2942344004806454,False
Gambino La MG,54,13,27799,19695,0.29152127774380376,False
Kamelancien,66,21,39214,27814,0.2907125006375274,False
Rohff,315,81,240348,170613,0.2901417943981227,False
Maska,87,22,46487,33006,0.2899950523802354,False
Disiz,286,69,158869,112961,0.2889676400052874,False
Naza,106,28,49087,34979,0.287408071383462,False
IAM,273,71,173793,124189,0.2854200111627051,False
Kalash Criminel,85,19,46387,33186,0.28458404294306594,False
Don Choa,39,10,25385,18176,0.28398660626354144,False
Salif,100,26,65194,46844,0.2814676197196061,False
TTC,44,11,24594,17700,0.2803122712856795,False
Senamo,49,12,27618,19908,0.27916576145991745,False
Kodes,43,10,21888,15786,0.27878289473684215,False
Mac Tyer,219,51,125212,90382,0.27816822668753793,False
Nessbeal,96,25,54201,39169,0.2773380564934226,False
VII,184,44,89644,64854,0.27653830708134397,False
Beny,55,14,19888,14401,0.2758950120675785,False
Lala &ce,66,16,20997,15243,0.2740391484497785,False
Naps,216,50,101909,74192,0.2719779411043186,False
Saïan Supa Crew,64,15,35481,25856,0.2712719483667315,False
1995,38,10,28625,20875,0.2707423580786026,False
Benjamin Epps,38,10,21254,15529,0.269361061447257,False
Grems,168,38,62110,45396,0.26910320399291576,False
Sadek,216,53,123416,90308,0.2682634342386725,False
Landy,67,17,32154,23532,0.26814704235864906,False
Demon One,25,7,17769,13056,0.26523721087286845,False
Lujipeka,88,21,39220,28838,0.26471188169301374,False
Al Peco,32,9,17640,12975,0.2644557823129252,False
Luidji,86,22,32044,23572,0.26438646860566717,False
Worms-T,39,8,19086,14061,0.26328198679660486,False
Kohndo,69,17,36058,26587,0.26266015863331305,False
Psy 4 de la Rime,85,21,60606,44808,0.26066726066726065,False
Lucio Bukowski,260,53,121227,89684,0.26019781071873427,False
Lartiste,132,33,63488,46986,0.25992313508064513,False
Franglish,91,20,44016,32576,0.2599054889131225,False
Sefyu,77,17,50764,37574,0.25982980064612715,False
Guy2Bezbar,58,12,31459,23288,0.25973489303537933,False
Ninho,173,38,100833,74661,0.25955788283597636,False
J9ueve,43,9,19368,14345,0.2593453118546055,False
Houari,62,14,24788,18421,0.25685815717282556,False
Limsa d’Aulnay,51,12,28705,21340,0.2565755094931197,False
Aladin 135,100,23,64670,48159,0.2553115818772228,False
Leto,135,31,74683,55752,0.25348472878700645,False
Oxmo Puccino,189,42,82374,61517,0.2531988248719256,False
Soso Maness,87,21,40447,30208,0.2531460924172374,False
Dadju,96,23,49908,37288,0.25286527210066523,False
Ali (FRA),48,10,22238,16622,0.2525406961057649,False
Fixpen Sill,60,13,37487,28141,0.24931309520633815,False
Kroc Blanc,34,9,17237,12980,0.24696873005743458,False
Denzo,40,9,21818,16448,0.24612705105875887,False
Nysay,41,9,29605,22331,0.24570173957101837,False
Krisy,120,27,54036,40776,0.24539196091494564,False
Hornet La Frappe,112,22,61627,46550,0.24464926087591476,False
TSR Crew,69,14,52077,39339,0.24459934328014288,False
Lunatic,57,12,33952,25672,0.24387370405278042,False
Taïpan,78,17,36327,27505,0.24284967104357635,False
La Brigade,23,5,15917,12053,0.2427593139410693,False
La Canaille,48,11,22788,17270,0.24214498859048617,False
A2H,237,50,105943,80305,0.24199805555817755,False
Grand Corps Malade,111,27,62233,47204,0.24149566950010448,False
Leck,69,15,39381,29873,0.24143622559102107,False
Kerchak,52,11,30778,23422,0.23900188446292803,False
JuL,865,173,615949,470352,0.2363783365181208,False
AM La Scampia,37,8,15065,11507,0.23617656820444743,True
Dinos,183,41,98878,75530,0.23612937154877733,False
Keny Arkana,138,26,87758,67252,0.23366530686661047,False
GLK,129,27,60571,46514,0.23207475524590981,False
Gaël Faye,46,10,20839,16010,0.23172896972023604,False
Jarod,176,35,112195,86249,0.23125807745443205,False
Caballero,74,16,42285,32522,0.23088565685231166,False
Tiers,59,13,29713,22923,0.22851950324773673,False
Luni Sacks,42,7,15207,11752,0.2271980009206287,True
Vegedream,77,16,36070,27875,0.22719711671749376,False
Damso,123,29,56496,43720,0.22613990370999715,False
Yaro,75,15,36842,28514,0.2260463601324575,False
Roshi,93,19,53116,41197,0.22439566232397012,False
L’Entourage,37,8,44341,34432,0.22347263255226535,False
3010,219,41,106585,82775,0.22338978280245814,False
Heuss L’enfoiré,38,10,18046,14018,0.22320735897151722,False
YL,149,28,79703,61959,0.22262650088453384,False
Lefa,136,28,71259,55415,0.2223438442863358,False
Tragédie,40,9,16080,12510,0.22201492537313428,False
Gérard Baste,62,13,34102,26547,0.22154125857720952,False
Niro,234,49,142263,110755,0.22147712335603775,False
Tandem,33,5,26934,21061,0.21805153337788663,False
Souffrance,54,10,29143,22819,0.2169989362797241,False
Hatik,143,24,70772,55447,0.21654043972192394,False
Vald,238,42,140734,110564,0.21437605695851747,False
Scylla,122,22,79140,62303,0.21274955774576698,False
Kofs,87,16,51244,40342,0.21274685816876127,False
Hyacinthe,101,17,36107,28428,0.21267344282272138,False
OrelSan,109,23,69096,54548,0.210547643857821,False
Hippocampe Fou,112,17,44578,35232,0.2096549867647719,False
USKY,73,11,24804,19604,0.20964360587002095,False
Moha K,30,5,14623,11581,0.20802844833481504,True
Black Kent,121,23,70701,56111,0.20636200336628907,False
Jorrdee,243,46,88063,69902,0.20622735995821173,False
MZ,88,17,59649,47368,0.20588777682777581,False
Lycos,80,15,30507,24243,0.20532992427967356,False
Sneazzy,91,17,58021,46129,0.20496027300460173,False
KIK,146,26,73236,58243,0.20472172155770385,False
Dibson,64,14,42399,33725,0.20458029670511102,False
Hayce Lemsi,231,41,144002,114785,0.20289301537478643,False
Beendo Z,51,11,35845,28575,0.20281768726461147,False
Bosh,60,11,30816,24581,0.20232995846313606,False
Benab,82,16,38590,30787,0.20220264317180614,False
Hooss,161,29,83359,66533,0.20184983025228231,False
Furax Barbarossa,129,20,75449,60328,0.20041352436745352,False
Le Juiice,36,7,15300,12252,0.1992156862745098,False
Diddi Trix,60,11,28411,22786,0.1979866952940762,False
JNR Slice,28,5,14479,11620,0.19745838801022175,True
Kaaris,200,34,112115,90132,0.19607545823484818,False
13 Block,99,15,58553,47076,0.19601045206906564,False
Zkr,102,15,82176,66241,0.19391306464174451,False
Expression Direkt,37,8,26420,21333,0.1925435276305829,False
Dabs,72,13,38543,31141,0.19204524816438784,False
Miklo,32,5,15127,12223,0.19197461492695178,False
Jeff Le Nerf,81,14,49538,40067,0.1911865638499738,False
​DA Uzi,126,22,73550,59492,0.19113528212100617,False
Chilla,67,12,30274,24501,0.19069168263196146,False
Green Money,107,16,40392,32702,0.19038423450188158,False
Bolémvn,82,15,39803,32228,0.1903122880184911,False
Casey (FRA),47,8,21785,17671,0.1888455359192105,False
Maj Trafyk,68,12,34514,28013,0.18835834733731238,False
La Rumeur,127,23,61326,49791,0.18809314157127488,False
PSO Thug,60,9,34602,28148,0.18652101034622282,False
D. Ace,111,18,54114,44047,0.1860331891931848,False
Koba LaD,113,21,59387,48344,0.18594978699041875,False
Elams,137,22,65968,53777,0.18480172204705314,False
Abd Al Malik,91,15,42509,34669,0.18443153214613373,False
Vin’s,92,14,54587,44526,0.18431128290618648,False
Kamikaz,113,18,76780,62687,0.18355040375097686,False
MHD,46,10,21106,17263,0.18208092485549132,False
Benash,37,6,16680,13675,0.18015587529976018,False
Josman,112,18,66543,54579,0.1797935169739867,False
MC Jean Gab’1,35,6,24580,20164,0.17965825874694874,False
Beeby,180,29,86757,71195,0.17937457496225084,False
Ixzo,25,4,13940,11455,0.17826398852223813,True
Moubarak,39,7,17856,14688,0.17741935483870963,False
PNL,75,12,39108,32200,0.176639050833589,False
Dooz Kawa,101,14,57458,47337,0.1761460545093808,False
SCH,153,29,82129,67723,0.1754069816995215,False
Maes,128,23,54864,45277,0.17474117818606005,False
2zer,49,7,25996,21454,0.17471918756731808,False
Kacem Wapalek,57,11,31461,25965,0.1746924763993516,False
Puzzle (Fra),22,4,16020,13240,0.17353308364544318,False
Bekar,89,13,47978,39676,0.17303764225269913,False
ISK,83,13,53801,44512,0.17265478336833884,False
KeBlack,97,15,39943,33050,0.1725709135518113,False
Lord Kossity,28,4,14793,12261,0.1711620360981545,False
TiTo Prince,94,16,55537,46044,0.17093109098438874,False
Sianna,32,5,16553,13765,0.16842868362230412,False
Abou Tall,52,8,27562,22959,0.16700529714824763,False
MC Solaar,152,20,61754,51459,0.1667098487547365,False
PLK,176,26,92772,77498,0.16464019316172984,False
Elh Kmer,74,11,37039,30948,0.16444828424093527,False
KaNoé (BEL),43,6,25266,21120,0.16409403942056522,False
Cookiesan,61,8,37880,31671,0.16391235480464628,False
Luv Resval,173,26,86916,72801,0.1623981775507386,False
Werenoi,49,7,26125,21904,0.16156937799043058,False
Rochdi,80,11,49524,41523,0.16155803246910594,False
Darryl Zeuja,41,4,17854,14989,0.16046824241066426,False
Rounhaa,59,8,28721,24153,0.15904738692942444,False
Zola,72,8,34747,29221,0.1590353124010706,False
Guizmo,228,30,162661,137016,0.15765918075014906,False
La Fève,144,20,64960,54793,0.1565116995073892,False
F430,63,10,29181,24637,0.15571776155717765,False
Fresh laDouille,52,9,38031,32247,0.15208645578606927,False
MMZ,65,9,31719,26918,0.15136038336643654,False
Diam’s,101,17,69180,58725,0.1511274934952298,False
Tsew The Kid,96,15,37623,31979,0.15001461871727406,False
Alrima,89,11,34200,29182,0.14672514619883037,False
Svinkels,86,13,65497,56211,0.1417774859917248,False
100 Blaze,51,6,28734,24748,0.1387206793345862,False
Axiom,34,5,20484,17652,0.13825424721734036,False
Therapie TAXI,76,9,30337,26171,0.1373240597290437,False
RK,123,16,71359,61651,0.13604450735015905,False
Youri,67,7,34979,30280,0.13433774550444555,False
Ademo,47,6,26989,23447,0.13123865278446778,False
Spider ZED,59,7,25056,21788,0.1304278416347382,False
DTF,96,11,51234,44580,0.12987469258695394,False
Hamza,164,17,76830,66960,0.1284654431862554,False
Volts Face,77,8,41461,36140,0.1283374737705314,False
El Matador,90,11,54194,47247,0.1281876222460051,False
James Delleck,33,3,13246,11562,0.12713271931149028,True
Nusky,61,6,23977,20964,0.12566209283897067,False
Sopico,98,7,54849,47968,0.12545351783988767,False
Odezenne,89,8,31091,27249,0.12357273809140912,False
Youv Dee,88,8,44641,39437,0.11657444949709905,False
404Billy,107,10,52404,46335,0.11581177009388599,False
So La Lune,121,13,57032,50442,0.11554916538083881,False
​nelick,78,9,31885,28205,0.11541477183628668,False
Zbig,32,4,18982,16793,0.11531977663049209,False
SEB (FRA),23,3,13375,11860,0.1132710280373832,True
Meryl,28,3,12705,11305,0.11019283746556474,True
5 Majeur,18,2,14836,13220,0.10892423833917497,False
Rocé (FRA),61,6,34458,30752,0.10755122177723608,False
Lesram,46,5,29290,26150,0.10720382383065896,False
MC Circulaire,19,2,10560,9432,0.10681818181818181,False
Lonepsi,112,9,45911,41069,0.10546492126070006,False
Sendo,3,1,1404,1262,0.10113960113960119,False
Riski,49,4,18574,16708,0.10046301281361047,False
Eddy de Pretto,49,5,21172,19091,0.09829019459663701,False
Klub des Loosers,81,7,39892,35974,0.09821518098866944,False
Timal,117,10,54428,49104,0.09781729991915922,False
Panama Bende,22,2,23434,21191,0.09571562686694546,False
Niaks,45,3,23628,21375,0.09535297105129503,False
Zamdane,94,8,49679,44977,0.09464763783490004,False
Siboy,45,4,18687,16936,0.09370150371916308,False
Le Klub des 7,34,2,16034,14545,0.09286516153174507,False
Mysa,78,7,73904,67362,0.08852024247672652,False
Younès,46,4,25860,23606,0.08716163959783452,False
47ter,76,7,36449,33295,0.08653186644352384,False
Plune,11,1,4607,4210,0.08617321467332317,False
Jack Uzi,87,6,31960,29225,0.0855757196495619,False
UZI (FRA),53,4,27172,25023,0.07908876784925656,False
Blacko (FRA),50,3,24275,22447,0.07530381050463442,False
Zikxo,98,8,72424,67007,0.07479564785154091,False
Retro X,148,10,55141,51142,0.07252316787871094,False
Lemon Haze,23,2,12701,11783,0.07227777340366903,True
Kemmler,60,3,30849,28835,0.06528574670167586,False
Manau,85,4,42079,39984,0.0497873048313886,False
MRC,46,2,24399,23210,0.048731505389565166,False
Boostee,56,3,20929,19919,0.04825839743896032,False
Kekra,187,10,92886,88452,0.047735934371164634,False
Djadja & Dinaz,177,8,87425,83569,0.044106376894480936,False
Ridsa,115,7,56577,54161,0.04270286512186927,False
Ziak,43,2,23968,23024,0.03938584779706278,False
Liza Monet,33,1,13374,12855,0.0388066397487663,False
OBOY,51,2,20466,19694,0.03772109840711424,False
Kamini,45,2,26129,25242,0.03394695549006854,False
Suzuya,79,2,38223,37193,0.026947126075922867,False
Gambi,41,1,19329,18828,0.025919602669563835,False
PRIME,41,1,19348,18865,0.02496382054992763,False
Cabadzi,53,1,22974,22449,0.022851919561243106,False
Bambi Cruz,5,0,3707,3707,0.0,False
Air-V,4,0,892,892,0.0,False
Sly Johnson,10,0,2865,2865,0.0,False
Afrojazz,13,0,8330,8330,0.0,False
Young Chang MC,11,0,6479,6479,0.0,False
Dee Nasty,3,0,1543,1543,0.0,False
Snifeur baby,21,0,8455,8455,0.0,False
Dawala,3,0,254,254,0.0,False
Dala,15,0,6306,6306,0.0,False
Yanni (FRA),4,0,3084,3084,0.0,False
92i,1,0,691,691,0.0,False
Solda (FRA),2,0,894,894,0.0,False
Solo Le Mythe,3,0,1864,1864,0.0,False
Solystik,7,0,2075,2075,0.0,False
Daks,2,0,903,903,0.0,False
Soon E MC,25,0,10321,10321,0.0,False
Alliance Ethnik,6,0,2776,2776,0.0,False
Aloïse Sauvage,29,0,11743,11743,0.0,False
Dadinho,11,0,5737,5737,0.0,False
Six,27,0,12130,12130,0.0,False
Sir Samuel,29,0,12159,12159,0.0,False
DSL,2,0,1031,1031,0.0,False
667,17,0,12020,12020,0.0,False
D’ de Kabal,7,0,10791,10791,0.0,False
Démocrates D,16,0,9037,9037,0.0,False
Driks,16,0,7489,7489,0.0,False
Dr Bériz,23,0,10743,10743,0.0,False
2 Bal,6,0,3750,3750,0.0,False
400 Hyènes,2,0,760,760,0.0,False
Doudou Masta,4,0,2580,2580,0.0,False
Zweierpasch,1,0,580,580,0.0,False
Set&Match,39,0,21302,21302,0.0,False
Doomams,7,0,3605,3605,0.0,False
Shone,26,0,10088,10088,0.0,False
Sir Doum’s,5,0,3385,3385,0.0,False
Dicidens,15,0,8959,8959,0.0,False
Diamond Deuklo,23,0,7152,7152,0.0,False
Zirko (SKS Crew),8,0,4682,4682,0.0,False
DerK16,3,0,1210,1210,0.0,False
Zinée,16,0,5733,5733,0.0,False
Sid les 3 éléments,11,0,6933,6933,0.0,False
Sidi Sid,1,0,132,132,0.0,False
Silmarils,8,0,1967,1967,0.0,False
Zifou,19,0,9439,9439,0.0,False
Def Bond,43,0,20643,20643,0.0,False
X-Makeena,6,0,2756,2756,0.0,False
Amalek,7,0,3163,3163,0.0,False
Soul Swing,8,0,3708,3708,0.0,False
Bilk,2,0,1076,1076,0.0,False
Sauzer,1,0,823,823,0.0,False
Veazy,11,0,3822,3822,0.0,False
B.e.Labeu,7,0,3955,3955,0.0,False
Team BS,16,0,9117,9117,0.0,False
Teki Latex,12,0,4869,4869,0.0,False
Tepa,9,0,3780,3780,0.0,False
Blackapar,17,0,8646,8646,0.0,False
Bimbim,12,0,6794,6794,0.0,False
BFG,35,0,16820,16820,0.0,False
Bigflo,3,0,2247,2247,0.0,False
Bridjahting,7,0,2381,2381,0.0,False
BIRDYY,3,0,1178,1178,0.0,False
Bedjik,15,0,7197,7197,0.0,False
Bakyl,9,0,4332,4332,0.0,False
Titan,14,0,5997,5997,0.0,False
Tony La Famille,2,0,599,599,0.0,False
Tout Simplement Noir,41,0,21194,21194,0.0,False
Bastard Prod,13,0,9756,9756,0.0,False
Bassem Braïki,2,0,543,543,0.0,False
Bass Click,1,0,891,891,0.0,False
Boyya,7,0,3184,3184,0.0,False
Sysa,8,0,5134,5134,0.0,False
Souleymane Diamanka,12,0,4574,4574,0.0,False
Wacko,23,0,10049,10049,0.0,False
Twin Twin,9,0,4026,4026,0.0,False
Amandine du 38,2,0,530,530,0.0,False
Assaf,16,0,10661,10661,0.0,False
Spoke Orkestra,22,0,11260,11260,0.0,False
Cyanure,1,0,822,822,0.0,False
Cut Killer,5,0,2831,2831,0.0,False
Stone Black,5,0,2906,2906,0.0,False
Charly Greane,2,0,651,651,0.0,False
Sté Strausz,21,0,10981,10981,0.0,False
Sueur,3,0,1903,1903,0.0,False
Aysko,3,0,2050,2050,0.0,False
Suikon Blaz AD,7,0,4159,4159,0.0,False
Carré rouge,14,0,11610,11610,0.0,False
Caribbean Dandee,11,0,4279,4279,0.0,False
Vincha,4,0,1847,1847,0.0,False
Calbo,4,0,2059,2059,0.0,False
Swagg Man,24,0,10780,10780,0.0,False
Vicky R,15,0,5903,5903,0.0,False
Syrano,10,0,6267,6267,0.0,False
Vicelow,13,0,6655,6655,0.0,False
Bouga,4,0,1839,1839,0.0,False
Ruby Nikara,2,0,942,942,0.0,False
Sauveur Eloheem,60,0,18017,18017,0.0,False
Makiavel,15,0,8497,8497,0.0,False
Kvra,8,0,6510,6510,0.0,False
Kooly,31,0,15427,15427,0.0,False
Mb14,3,0,1315,1315,0.0,False
Mc Pampille,1,0,641,641,0.0,False
Kobzx2z,10,0,3941,3941,0.0,False
Medouze,1,0,797,797,0.0,False
Melaaz,14,0,3513,3513,0.0,False
Mellowman,4,0,1642,1642,0.0,False
Mike Lucazz,21,0,9030,9030,0.0,False
Milk Coffee and Sugar,16,0,9075,9075,0.0,False
Millésime K,4,0,3502,3502,0.0,False
Kls.,1,0,487,487,0.0,False
Mino (FRA),35,0,20466,20466,0.0,False
Missak Portoukalian,19,0,9641,9641,0.0,False
Kayliah,11,0,3858,3858,0.0,False
Moha La Squale,80,0,45758,45758,0.0,False
Moha MMZ,26,0,12307,12307,0.0,False
Kasspapazo,1,0,576,576,0.0,False
Karlito,29,0,13967,13967,0.0,False
Moona,17,0,7702,7702,0.0,False
Morsay,17,0,8909,8909,0.0,False
Mo’vez Lang,30,0,17923,17923,0.0,False
Kalif Hardcore,38,0,16224,16224,0.0,False
Kabal,14,0,7610,7610,0.0,False
Ménélik,14,0,6300,6300,0.0,False
Naestro,3,0,583,583,0.0,False
KDD,32,0,19717,19717,0.0,False
La Boussole,10,0,7277,7277,0.0,False
La Cinquième Kolonne,2,0,697,697,0.0,False
K-Mel,1,0,584,584,0.0,False
La Clinique,13,0,7793,7793,0.0,False
Lionel D,12,0,8193,8193,0.0,False
Linsen,1,0,773,773,0.0,False
Less’ du Neuf,7,0,5326,5326,0.0,False
Les Spécialistes,9,0,7163,7163,0.0,False
Les Rieurs,1,0,434,434,0.0,False
Les Chirurgiens Du Son,2,0,1022,1022,0.0,False
Leeroy,26,0,12490,12490,0.0,False
Lebeey,10,0,4667,4667,0.0,False
LeDos,7,0,1975,1975,0.0,False
Le Peuple de l’Herbe,6,0,844,844,0.0,False
L’Armée des 12,14,0,10125,10125,0.0,False
L’Atelier,8,0,4707,4707,0.0,False
Le (Vrai) Ben,7,0,4772,4772,0.0,False
L’indis,31,0,15757,15757,0.0,False
MC Janik,5,0,3110,3110,0.0,False
Lavokato,2,0,1009,1009,0.0,False
10vers,9,0,5192,5192,0.0,False
Lapso Laps,14,0,6752,6752,0.0,False
MLC,13,0,5294,5294,0.0,False
Laeti,19,0,6888,6888,0.0,False
La fanfare en pétard,1,0,402,402,0.0,False
Ma2x,23,0,10684,10684,0.0,False
Mac Kregor,20,0,11792,11792,0.0,False
La Swija,3,0,1552,1552,0.0,False
Mad in Paris,2,0,761,761,0.0,False
La Mixture,1,0,694,694,0.0,False
La Fine Equipe,2,0,1033,1033,0.0,False
K-Rhyme Le Roi,4,0,2693,2693,0.0,False
Nassi,6,0,2058,2058,0.0,False
Edgar Sekloka,26,0,9471,9471,0.0,False
Ghetto Fabulous Gang,16,0,6325,6325,0.0,False
Psykopat,2,0,982,982,0.0,False
Féfé,46,0,15422,15422,0.0,False
RR (FRA),5,0,3213,3213,0.0,False
Raggasonic,30,0,16013,16013,0.0,False
Rapsonic,1,0,504,504,0.0,False
Reciprok,3,0,1601,1601,0.0,False
Fuzati,15,0,9627,9627,0.0,False
Fuckly,7,0,5592,5592,0.0,False
Friz,2,0,1477,1477,0.0,False
Francis Tra$h,12,0,3991,3991,0.0,False
Fisto,13,0,6639,6639,0.0,False
Fatal Bazooka,29,0,17037,17037,0.0,False
Faouzi Tarkhani,1,0,632,632,0.0,False
Fanny Polly,4,0,2745,2745,0.0,False
Rouda,11,0,6499,6499,0.0,False
Fabulous Trobadors,10,0,7784,7784,0.0,False
FAVE,2,0,1389,1389,0.0,False
Eye’s Berg,10,0,5612,5612,0.0,False
Explicit Samouraï,11,0,6267,6267,0.0,False
S.Téban,24,0,11915,11915,0.0,False
Esdras (FRA),1,0,154,154,0.0,False
Eli Mc,21,0,10172,10172,0.0,False
SKS Crew,5,0,5983,5983,0.0,False
El Gaouli,2,0,1186,1186,0.0,False
Ekoué,25,0,11879,11879,0.0,False
Saliha,11,0,4947,4947,0.0,False
Eklips,19,0,7569,7569,0.0,False
Psykick Lyrikah,25,0,10183,10183,0.0,False
Prodige Namor,4,0,2695,2695,0.0,False
Nathy,1,0,353,353,0.0,False
Gravité Zéro,9,0,4877,4877,0.0,False
K$K,3,0,1316,1316,0.0,False
Jonathan Cohen,3,0,638,638,0.0,False
Jo Dalton,1,0,465,465,0.0,False
Jeune Rex,2,0,896,896,0.0,False
Ness & Cité,11,0,5921,5921,0.0,False
Nick Conrad,17,0,8713,8713,0.0,False
JSX,10,0,4631,4631,0.0,False
JR O Crom,5,0,2282,2282,0.0,False
JP Manova,24,0,12348,12348,0.0,False
Ivory (FRA),1,0,463,463,0.0,False
Iron Sy,26,0,12543,12543,0.0,False
OFX,12,0,6593,6593,0.0,False
OGB,20,0,13247,13247,0.0,False
IV My People,12,0,7169,7169,0.0,False
OldPee,23,0,11681,11681,0.0,False
Hös Copperfield,12,0,7716,7716,0.0,False
Humphrey,20,0,5690,5690,0.0,False
Orties,24,0,8525,8525,0.0,False
Huero,1,0,451,451,0.0,False
Hollis L’Infâme,1,0,391,391,0.0,False
Hamed Däye,1,0,804,804,0.0,False
Patee Gee,28,0,13838,13838,0.0,False
Pihpoh,16,0,6317,6317,0.0,False
Piloophaz,28,0,11692,11692,0.0,False
Pink Tee,30,0,12806,12806,0.0,False
Hache-P,21,0,11908,11908,0.0,False
Guts,7,0,1459,1459,0.0,False
​​okis,25,0,18836,18836,0.0,False
