year,pageviews_mean,pageviews_median,pageviews_std,contributors_mean,contributors_median,contributors_std,ranking_mean,ranking_median,ranking_std,n_je_mean,n_je_median,n_je_std,n_profanity_mean,n_profanity_median,n_profanity_std,n_verlan_mean,n_verlan_median,n_verlan_std,n_french_words_mean,n_french_words_median,n_french_words_std,means_word_length_mean,means_word_length_median,means_word_length_std,n_unique_words_mean,n_unique_words_median,n_unique_words_std,n_words_mean,n_words_median,n_words_std,pageviews_corrected_mean,pageviews_corrected_median,pageviews_corrected_std,n_non_french_words_mean,n_non_french_words_median,n_non_french_words_std,n_argot_mean,n_argot_median,n_argot_std,n_onomatopee_mean,n_onomatopee_median,n_onomatopee_std,n_negative_mean,n_negative_median,n_negative_std,n_positive_mean,n_positive_median,n_positive_std,birthdate_artist_mean,birthdate_artist_median,birthdate_artist_std,age_artist_mean,age_artist_median,age_artist_std,pageview_mean_mean,pageview_mean_median,pageview_mean_std,pageviews_2_mean,pageviews_2_median,pageviews_2_std,n_sexe_mean,n_sexe_median,n_sexe_std,hate_mean,hate_median,hate_std,sexism_mean,sexism_median,sexism_std,n_lines_mean,n_lines_median,n_lines_std,sentiment2_mean,sentiment2_median,sentiment2_std,born_in_france_mean,born_in_france_median,born_in_france_std
1984,0.0,0.0,,9.0,9.0,,3466.0,3466.0,,20.0,20.0,,1.0,1.0,,5.0,5.0,,773.0,773.0,,3.53751537515375,3.53751537515375,,246.0,246.0,,813.0,813.0,,3.63580487348359,3.63580487348359,,40.0,40.0,,8.0,8.0,,0.0,0.0,,19.0,19.0,,29.0,29.0,,,,,,,,0.0,0.0,,,,,1.0,1.0,,0.217240662410341,0.217240662410341,,0.108526392914783,0.108526392914783,,87.0,87.0,,-0.208669201395977,-0.208669201395977,,,,
1989,0.0,0.0,0.0,4.0,4.0,2.5495097567963922,1771.8,1860.0,1133.0954063978902,15.4,10.0,10.13903348450926,2.2,1.0,2.7748873851023217,3.8,3.0,2.7748873851023217,589.2,589.0,88.47146432607522,4.016307347825726,3.88509316770186,0.3046267084403586,328.8,339.0,79.17512235544699,631.0,637.0,104.61596436490943,3.155484835668,3.155484835668,0.0,41.8,48.0,23.75289456045305,8.0,4.0,9.721111047611789,0.0,0.0,0.0,16.8,12.0,9.833615815151617,18.2,18.0,5.932958789676531,1966.0,1966.0,0.0,23.0,23.0,0.0,0.0,0.0,0.0,,,,0.4,0.0,0.5477225575051661,0.2994346911165926,0.29087668105408,0.07636985018019254,0.180841700633554,0.145438290713878,0.08885082434112417,78.8,81.0,10.059821071967432,-0.08108022069468841,-0.0790475050085469,0.1934149825273416,0.857142857142857,0.857142857142857,0.0
1990,2157.222222222222,0.0,6470.905424014166,5.666666666666667,4.5,4.270280332442714,1755.764705882353,1204.0,1721.7773349584058,15.333333333333334,12.0,10.906015609313432,0.7222222222222222,1.0,0.8264420947336312,3.9444444444444446,2.0,4.358524065110091,620.1666666666666,644.5,138.05337842341143,4.023618863251557,4.05408653846154,0.2596704505449505,293.3333333333333,281.0,56.77095363361961,636.3333333333334,664.0,137.36897500570367,3.9166758084748454,3.07853140546637,2.4407423834141855,16.166666666666668,9.0,12.334790586934558,4.555555555555555,4.0,3.791976393296807,0.5555555555555556,0.0,0.7838233761296739,21.833333333333332,19.5,11.673247443721603,26.0,24.0,10.560748636564828,1966.6,1966.0,1.3416407864998674,23.4,24.0,1.3416407864998738,1.09393268482812,1.09393268482812,0.0,1.083957790424006,0.0,3.1558517437885705,1.1666666666666667,1.0,1.504893977113651,0.23769958324146837,0.2361985401213785,0.04358655825667513,0.13019506672854947,0.1329056442239565,0.05500397013900175,76.11111111111111,80.0,13.637702449627474,-0.08073117248743687,-0.1310556238173945,0.1699376598556248,0.4285714285714285,0.4285714285714285,0.6060915267313264
1991,2640.4745762711864,0.0,13892.044621685256,6.440677966101695,5.0,5.837663640003292,2321.6444444444446,2112.0,1624.399933339799,10.033898305084746,8.0,8.70981630451787,1.11864406779661,0.0,1.9216080349783906,2.305084745762712,1.0,2.9667946088859978,436.93220338983053,454.0,256.9281305927573,4.096340396679788,4.141838570400575,0.3416871462479129,233.15254237288136,236.0,129.61305989424457,459.6779661016949,473.0,266.44546836000984,3.534528668400708,3.00925431582708,1.9840948594902232,22.74576271186441,17.0,25.73913779625199,5.1525423728813555,4.0,5.61651984319789,0.3220338983050847,0.0,0.6280972351174039,14.59322033898305,12.0,12.680583370769167,16.11864406779661,14.0,12.795587528469111,1967.0,1966.0,1.4291792020209648,24.0,25.0,1.4291792020209928,0.681339100913374,0.681339100913374,0.0,0.7073508182189786,0.0,2.6600481358227515,0.864406779661017,1.0,1.0078592389170646,0.2566442159700422,0.2507793237079785,0.08606668846553428,0.12436393044428383,0.09987702786922475,0.11153934202342985,52.86440677966102,54.0,30.020945347470573,-0.08763924131881051,-0.0926259843742144,0.2058845662168483,0.5054945054945055,0.857142857142857,0.4271230586682687
1992,312.6296296296296,0.0,1624.471207409877,5.037037037037037,5.0,2.457038265277331,2297.6,2027.0,1584.006339423341,12.481481481481481,11.0,10.415854669206388,1.962962962962963,1.0,2.37748220864461,3.037037037037037,2.0,3.287288823068002,521.8518518518518,561.0,218.92283566866203,4.25425774981424,4.2482103402562945,0.1991746906668608,262.2962962962963,286.0,96.30233434937907,545.2592592592592,565.0,227.52676809428425,3.197822787605371,2.94821334451091,1.2970087124657355,23.40740740740741,18.0,20.396566942011173,5.62962962962963,3.0,7.147609326783263,0.14814814814814814,0.0,0.4560451819471486,15.407407407407407,15.0,9.249778622129535,17.22222222222222,16.0,11.878660029757734,1971.3333333333333,1966.0,9.237604307034045,20.666666666666668,26.0,9.237604307034013,0.33485090838305304,0.334850908383053,0.0,0.37536909735551116,0.0,1.950475044633041,1.2222222222222223,1.0,1.368135545841446,0.26372846912027803,0.249990183763248,0.07626710190174814,0.136415905407167,0.10172872416445505,0.1269106262098983,58.333333333333336,60.0,23.080127982580766,-0.15960772686057506,-0.16936695854100148,0.20354481466904398,0.9714285714285713,1.0,0.06023386019368348
1993,1417.9855072463768,0.0,6143.863683031159,7.521739130434782,6.0,6.363056737810324,2572.3050847457625,2401.0,1562.3130426548842,13.144927536231885,11.0,10.940044308866664,1.2318840579710144,1.0,1.8876138651765673,2.5652173913043477,2.0,2.232634034376839,515.2898550724638,567.0,281.1116117806588,4.144202434227811,4.1,0.266985445891921,265.6231884057971,297.0,131.54568670117837,542.3768115942029,592.0,294.7065390524493,3.4278344988518543,2.89596826927867,1.9265115797611185,27.08695652173913,15.0,25.194384954748983,5.463768115942029,4.0,5.566654159697219,0.6956521739130435,0.0,1.2521081966273448,16.507246376811594,15.0,12.064316840810529,18.768115942028984,20.0,12.080788014247386,1966.2244897959183,1966.0,1.2121830534626417,26.775510204081634,27.0,1.2121830534626528,0.698666683047955,0.698666683047955,0.0,0.7246490561179031,0.0,2.618720201020181,0.8840579710144928,0.0,1.300862065799829,0.2577041282648082,0.256590159434193,0.06839159943546078,0.12044690082525995,0.110435870866622,0.08848598273335467,60.95652173913044,64.0,33.196577952008624,-0.11117712816260358,-0.0988188343743483,0.22256468088791503,0.8727272727272726,0.857142857142857,0.1837559081124571
1994,2284.8571428571427,0.0,6188.7214589256855,8.452380952380953,7.0,5.848503585772952,2479.1612903225805,2522.0,1365.0936743626592,15.857142857142858,11.5,17.919292544522154,1.9047619047619047,1.0,2.5066693849294572,4.785714285714286,4.0,4.075720581423575,536.3809523809524,444.5,331.343308248442,4.257725132467798,4.064019838768536,0.8917201831051259,281.73809523809524,248.5,144.99555241687113,571.0,474.5,352.7228581112179,4.027655877995814,2.85307886789113,2.669550320785264,34.61904761904762,26.0,33.75951709063385,8.928571428571429,6.0,8.113201699196605,0.42857142857142855,0.0,0.7372611524884796,15.833333333333334,12.5,12.645092881578211,20.404761904761905,17.0,15.449460522287916,1968.7391304347825,1969.0,1.6574183458386582,25.26086956521739,25.0,1.6574183458386507,1.55818764172441,1.55818764172441,0.0,1.4842766073752136,0.0,3.368121039395233,1.4285714285714286,0.5,1.796240751190367,0.3125165598795559,0.308895800927398,0.08786819726064204,0.22529659273623462,0.2043285078970365,0.14290376550010322,60.642857142857146,55.0,38.417362327767854,-0.17289799768311265,-0.165831068637727,0.16097374081674842,0.2971428571428571,0.0,0.444007721940573
1995,2002.5977653631285,0.0,5957.281982902538,7.106145251396648,5.0,5.978887593456493,1983.549668874172,1477.0,1621.4066842867924,17.39664804469274,15.0,13.529169067890548,2.122905027932961,1.0,3.364801352623217,4.927374301675978,4.0,5.259585078863902,532.2849162011173,553.0,228.98030518902553,4.038595151264541,3.98434004474273,0.48560873507481006,259.5977653631285,267.0,99.66266245246095,563.8100558659218,579.0,240.25224971645332,3.938356861858038,2.82010491810908,2.5624473584343237,31.52513966480447,24.0,25.123809924468727,8.145251396648044,6.0,7.19402977494094,0.5698324022346368,0.0,1.441513512842749,19.558659217877096,18.0,13.059099474737156,18.793296089385475,18.0,11.005451140462027,1970.2,1969.0,3.6735865438611284,24.8,26.0,3.6735865438612,1.49112531143712,1.49112531143712,0.0,1.4264061577702183,0.0,3.262659266382274,1.100558659217877,0.0,2.5353566601193758,0.2765427286218348,0.269385362907154,0.0710108521792943,0.18663578218324398,0.16878918144438,0.11269520131051887,62.14525139664804,66.0,25.9645635200124,-0.16811055920142326,-0.168909978298914,0.18738905279828585,0.8857142857142857,1.0,0.31561080645489964
1996,6882.2235294117645,0.0,18181.59004740292,8.494117647058824,4.0,9.533928797685022,2583.2285714285713,2269.5,1585.4528194336485,19.91764705882353,18.0,14.97713476691488,2.6,1.0,3.6683978597124467,6.0,5.0,5.7175585865364065,558.5294117647059,520.0,238.9779123204293,3.95373432786822,3.94765342960289,0.29559824126213197,272.1764705882353,265.0,94.25158536882982,599.0117647058823,560.0,252.96694185104062,4.507307667479114,2.79760619769333,3.2334975272113318,40.48235294117647,33.0,30.761994085430235,10.047058823529412,8.0,7.252102950102098,0.9176470588235294,0.0,2.0482964158741557,19.541176470588237,15.0,14.836853200229289,19.41176470588235,16.0,13.691580761676187,1973.7083333333333,1974.0,1.6010639578422454,22.291666666666668,22.0,1.6010639578422383,2.2242599647162,2.2242599647162,0.0,2.0455837734246676,0.0,3.858665353176853,1.4470588235294117,1.0,2.5843203138531097,0.306906009294931,0.299956602425628,0.06840055469252745,0.23488532038012766,0.218982902159091,0.132972927283664,64.30588235294118,62.0,26.546465789976168,-0.1612420657421245,-0.151716181887916,0.21055287495536487,0.9375,1.0,0.24462302739504083
1997,8176.3298429319375,0.0,31536.335658229636,8.712041884816754,5.0,12.73890896420241,2144.577639751553,2148.0,1513.9849802745382,18.56544502617801,16.0,15.34942686006511,2.4973821989528795,1.0,3.298922225195978,6.005235602094241,5.0,5.865597633838705,582.4397905759163,577.0,277.0667320111246,4.013571088364396,3.9980004772130746,0.30923095149223834,299.0785340314136,296.0,121.60059344534747,630.5497382198953,635.0,290.32817436287235,4.246135509056266,2.78614248440465,3.0722560031563066,48.109947643979055,33.0,60.533013658902064,10.858638743455497,9.0,8.65939807257601,0.6178010471204188,0.0,1.8225191883182934,21.916230366492147,20.0,15.056500552019639,19.534031413612567,16.0,11.935689250005307,1970.7857142857142,1969.0,3.805738940237405,26.214285714285715,28.0,3.805738940237395,1.89387309540964,1.89387309540964,0.0,1.7735156056354358,0.0,3.718436901586152,1.2827225130890052,1.0,1.870453061205949,0.30447818052048087,0.300266279913913,0.06933252633292764,0.2270204663661434,0.23015690694994,0.10596572241738669,66.54973821989529,68.0,29.576953820492253,-0.20718337882109172,-0.208140283238654,0.1791439696423999,0.6653061224489795,0.857142857142857,0.44599586565081345
1998,5423.316091954023,0.0,15644.961769347703,8.801724137931034,6.0,8.02613148684607,1983.7482517482517,1640.5,1580.7931896140833,18.905172413793103,16.0,13.81640326226889,3.3017241379310347,2.0,4.14899695024391,6.060344827586207,5.0,5.386966007187686,628.2183908045977,643.5,254.8129641374314,3.964494230849836,3.9541000353503,0.28993992119525897,299.2758620689655,307.0,105.14907103262561,667.4396551724138,690.0,267.85868641302727,4.494724889787059,2.78627355600385,3.134199540761062,39.22126436781609,30.5,30.96749074631318,11.005747126436782,10.0,7.987379906372532,0.47126436781609193,0.0,1.8146955696755003,24.094827586206897,21.0,15.294597065428661,20.42816091954023,19.0,11.154818814090307,1972.3090909090909,1974.0,3.7637847159511257,25.69090909090909,24.0,3.7637847159510347,2.24421366641941,2.24421366641941,0.0,2.0560875021604748,0.0,3.7616006304269494,1.2270114942528736,1.0,1.7634343064547717,0.29601002090026524,0.289897443583378,0.07263279659270817,0.2178472686839266,0.203671062408492,0.11544542744952195,72.27298850574712,72.0,30.578997995693335,-0.22783353789035757,-0.225093094602464,0.19495740494558406,0.7273386511965192,1.0,0.4379863964800582
1999,2032.3726235741444,0.0,9972.718813461926,5.361216730038023,4.0,5.164723417528414,1911.1447963800906,1574.0,1480.0757526167918,22.517110266159698,18.0,17.35723368175974,3.9847908745247147,2.0,6.872319508957573,6.650190114068441,6.0,5.425349565018827,673.0380228136883,674.0,284.2920201961724,3.9491365719081193,3.9092970521542,0.2929080525939799,312.47528517110266,309.0,108.21958856268999,718.574144486692,714.0,295.2780181984954,3.494633907915857,2.80431418163322,2.1493259523951673,45.536121673003805,35.0,37.77390587500636,12.946768060836503,11.0,10.463541712228997,0.6045627376425855,0.0,2.2588878949191624,25.46768060836502,24.0,16.092228849128208,21.73764258555133,21.0,12.918844945533221,1972.6349206349207,1972.0,4.868844913698721,26.365079365079364,27.0,4.868844913698809,0.909117797924107,0.909117797924107,0.0,0.9181740928473502,0.0,2.8499295040041797,1.4980988593155893,1.0,2.654212444419851,0.2956884418097434,0.291595619994325,0.08318655155178091,0.23081053580876773,0.221018854801248,0.12058751292354425,73.82889733840304,73.0,28.858519081696787,-0.22446795172862546,-0.240044692357381,0.19619963771500393,0.5727726574500768,1.0,0.470673641085976
2000,5609.557312252964,0.0,21765.92530171317,6.790513833992095,4.0,9.566786384102754,1980.911214953271,1855.5,1444.7388400759044,18.723320158102766,16.0,16.150658791795365,3.7233201581027666,2.0,4.609614009194123,6.932806324110672,5.0,6.507583399117353,635.6363636363636,628.0,262.8591763833757,3.9070046128726963,3.86286594761171,0.31441338096797594,287.7154150197629,296.0,99.13001543350488,680.2687747035573,689.0,276.8442181521702,3.8432581328060658,2.83776639440313,2.670925129861103,44.63241106719368,35.0,41.592067230005206,12.272727272727273,9.0,10.655533963176321,0.4743083003952569,0.0,1.9811442540530309,24.09090909090909,23.0,15.24312349398291,20.67193675889328,19.0,12.10236936512652,1975.3904761904762,1976.0,3.232929244791948,24.60952380952381,24.0,3.232929244792021,1.29666332540289,1.29666332540289,0.0,1.2638060945054033,0.0,3.346402308487502,1.4624505928853755,1.0,3.157815500099445,0.2796761752492623,0.269178405154424,0.07274739828742062,0.22457533565047716,0.210367278334609,0.11236231603592912,71.3399209486166,73.0,29.233512976481414,-0.2514139189919786,-0.252769976381272,0.20152031749490407,0.8746232670283304,1.0,0.32671865035136877
2001,3729.8104575163397,0.0,14100.22977292221,7.401960784313726,5.0,8.548331027506725,2062.9922178988327,1929.0,1438.3385977627806,17.091503267973856,14.0,13.743962955886344,3.712418300653595,2.0,4.613129093607391,6.07516339869281,5.0,5.302418638304248,597.90522875817,578.0,278.81113092319106,3.9612720724719077,3.93782364872927,0.3034396412758165,285.53921568627453,292.5,106.93181571069532,639.8202614379085,633.0,287.43119555520076,4.108655300075178,2.87397086802641,2.754676512711137,41.91503267973856,28.5,38.28862737670771,11.339869281045752,9.0,10.308782439875847,0.3333333333333333,0.0,0.9338796215471155,24.50653594771242,23.0,16.301713369479618,20.124183006535947,19.0,11.637598908139365,1974.3229813664595,1974.0,4.2213778622507485,26.677018633540374,27.0,4.2213778622507405,1.62583420827666,1.62583420827666,0.0,1.5432520811914263,0.0,3.4335245575126074,1.3235294117647058,1.0,2.1293965806051185,0.29235876523503174,0.286289151401079,0.07303156257379095,0.23993084480941532,0.2373401445719195,0.12301437583698831,65.9281045751634,64.5,27.692599372434184,-0.25642802251878016,-0.246328422774588,0.20064357797798496,0.6781609195402298,1.0,0.46852993250660185
2002,4481.143266475645,0.0,18816.15874238141,5.982808022922636,3.0,9.548710096455034,1984.5656565656566,1756.0,1406.450286601488,18.214899713467048,15.0,15.348900380087322,3.659025787965616,2.0,4.609592717930203,5.083094555873926,4.0,4.60403067346243,588.3438395415473,585.0,242.35034924560853,3.969957743299028,3.90390879478827,0.3790371528740708,280.4670487106017,278.0,95.29806343179837,627.4097421203438,625.0,252.21975689245153,3.749154047267271,2.90026827621589,2.4575053044617925,39.06590257879656,32.0,32.8808142116397,10.005730659025788,8.0,7.994608193565602,0.7908309455587392,0.0,3.712254736287045,22.808022922636102,21.0,14.187591463659464,19.84813753581662,18.0,12.222429834590558,1972.5281690140846,1975.5,7.510459526385231,29.471830985915492,26.5,7.510459526385373,1.09953025981224,1.09953025981224,0.0,1.0891998928048767,0.0,3.140413474400221,1.5816618911174785,1.0,2.377409628256413,0.2934183656663618,0.287401622349473,0.07162088054730599,0.23193641368796172,0.21824486018719402,0.11162398424756531,66.34383954154728,68.0,26.37727705783282,-0.2263309541232096,-0.221158675137961,0.20999107626974334,0.675531914893617,1.0,0.45398285051972
2003,2836.2190476190476,0.0,12102.839335483546,6.3841269841269845,4.0,7.353780741497175,2177.4774436090224,1980.5,1524.2348038360556,20.53968253968254,17.0,16.748063294086265,3.342857142857143,2.0,4.513592856379206,5.965079365079365,5.0,5.813068922370432,625.9111111111112,620.0,277.74684614760247,3.912581323157266,3.90162037037037,0.28495962278624576,288.1111111111111,280.0,115.68014202236974,670.1746031746031,665.0,292.55760713588455,3.8577428845630672,2.93183954270896,2.449964779152646,44.263492063492066,32.0,40.46666986462144,11.53968253968254,10.0,10.818457624661892,2.041269841269841,0.0,10.955681347884319,23.425396825396824,20.0,16.28106993712152,20.107936507936508,20.0,11.432483912238812,1974.3309859154929,1976.0,4.997477137964877,28.669014084507044,27.0,4.9974771379648235,1.2181920660096,1.2181920660096,0.0,1.1931319816227506,0.0,3.14768342482667,1.4603174603174602,1.0,2.240517149309557,0.2926853721258281,0.290821026872706,0.07256949671308899,0.23973505495243813,0.230930874424596,0.12003434959243946,71.26666666666667,70.0,29.68398311384753,-0.21731049051620252,-0.244354714820911,0.22509324163265515,0.7855596784168212,1.0,0.3860199896051728
2004,3860.863534675615,0.0,13604.347341528697,6.492170022371365,4.0,7.464373168934434,2070.4393530997304,1745.0,1387.6797116492057,17.86577181208054,14.0,17.31610271534164,3.228187919463087,2.0,4.109685822665724,5.881431767337808,4.0,5.6542209884125265,578.5838926174497,560.0,318.09116287851424,3.943674448050081,3.88768115942029,0.5357756901035032,271.18120805369125,270.0,119.5059741282794,623.6308724832214,602.0,339.68889121013206,4.1339418282864075,2.96871229791611,2.7269370019764665,45.04697986577181,31.0,45.19424973896793,10.272930648769576,8.0,9.593615036251425,0.9530201342281879,0.0,4.1448042527139535,21.76957494407159,20.0,16.06162922081673,20.073825503355703,18.0,14.469278089347855,1975.7222222222222,1977.0,4.4599668550142155,28.27777777777778,27.0,4.4599668550142955,1.5257023884465,1.5257023884465,0.0,1.4595526254224536,0.0,3.406798165806561,1.680089485458613,1.0,3.1098183862666064,0.2976239347034048,0.289706580340862,0.08535004432800536,0.24689868861988165,0.230358455195484,0.12483606805478212,65.8993288590604,64.0,33.97804849925344,-0.21293916170865973,-0.225807832011694,0.2314808336834053,0.7371943371943371,1.0,0.43846673565724814
2005,2940.1308411214955,0.0,12838.252598994246,6.418691588785046,5.0,6.278524881638089,1956.9848156182213,1731.0,1414.735391523731,20.581308411214952,17.0,17.317816434964207,3.6579439252336448,2.0,4.398332110318066,6.160747663551402,5.0,5.413289186297388,626.9233644859813,613.0,258.0608537309745,3.961521963960911,3.89625360230548,0.3312822380877865,286.69345794392524,290.0,95.40901235611496,673.56261682243,662.0,266.71721074950045,4.025918884010142,2.97549727555988,2.5623806722095517,46.6392523364486,36.0,37.562167587838715,11.738317757009346,10.0,9.393136836896874,0.8448598130841122,0.0,3.5936177728772556,24.55140186915888,22.0,13.937953495996128,20.39626168224299,18.0,11.605080293584042,1977.6208178438662,1978.0,3.352056296989615,27.37918215613383,27.0,3.352056296989636,1.38600268639866,1.38600268639866,0.0,1.3384171956943614,0.0,3.256419278752323,1.4934579439252336,1.0,2.0716234667578917,0.30086505425992294,0.292351124638861,0.07808268706478906,0.25461757141663455,0.248732705795488,0.12050450630777752,69.14018691588785,68.0,25.84795958961307,-0.2606750421391011,-0.278955936883435,0.19415090327406012,0.7710970464135022,1.0,0.40455265306989036
2006,4001.2683658170913,0.0,18748.61486627338,7.319340329835082,5.0,7.563840456214331,2036.0795660036167,1846.0,1437.8540386323662,18.35832083958021,15.0,16.063376794841837,3.911544227886057,2.0,4.6190916500801045,5.886056971514243,5.0,5.351509052958478,605.2173913043479,595.0,240.41381828300283,3.981240939652603,3.92014742014742,0.3355776921176415,283.9325337331334,285.0,92.02196470416722,649.2128935532234,641.0,248.432847130178,4.128928053420985,2.91680520936281,2.737832371151366,43.99550224887556,35.0,35.84725240887208,11.923538230884558,10.0,9.132088792843787,0.638680659670165,0.0,3.078044414216054,23.659670164917543,22.0,14.077314675733936,19.148425787106447,17.0,12.36204995337199,1977.2083333333333,1978.0,3.8821937833431397,28.791666666666668,28.0,3.882193783343196,1.5951747602473803,1.59517476024738,0.0,1.5174699567074685,0.0,3.4171622057362008,1.6221889055472263,1.0,2.9745647482847954,0.30541852531343877,0.299167416843714,0.0785828528947406,0.2516535662474094,0.239804707859692,0.12003316661897824,66.6086956521739,66.0,23.888029267608395,-0.27107564673170037,-0.287270420247858,0.19259531415127068,0.8206824964318152,1.0,0.38212031001375385
2007,2797.630490956072,0.0,12820.701499311097,5.8824289405684755,4.0,6.301635451040939,2174.04368174727,1963.0,1452.3870377636683,17.085271317829456,13.0,15.52123163369899,3.785529715762274,2.0,5.444581190266902,5.524547803617571,4.0,5.2634394718084305,572.1111111111111,564.5,233.9560402656267,3.9582598731572167,3.91108144448713,0.3960366350955531,267.8720930232558,269.0,89.74917136633333,615.4625322997416,612.0,246.30275759785184,3.6973800046964005,2.8105229980112,2.4052800336642393,43.35142118863049,35.0,35.20831397751556,11.462532299741602,9.5,9.64079392069635,0.8036175710594315,0.0,3.1875708389867845,21.8953488372093,20.0,13.577363173968815,17.885012919896642,16.0,11.252067002859148,1976.4645161290323,1977.0,4.787764096129991,30.53548387096774,30.0,4.787764096130056,1.16640143981048,1.16640143981048,0.0,1.1477097174705952,0.0,3.103175898699549,1.644702842377261,1.0,3.143669233638027,0.3103019240209157,0.302579618128623,0.08036395317045329,0.25438146666715633,0.2414296847416575,0.12279154002165865,63.0671834625323,65.0,23.65170149856925,-0.2637583313755877,-0.282039425215739,0.20340763790141092,0.7762164975279728,1.0,0.40642908935018884
2008,4105.09643916914,0.0,14438.848201910627,6.574183976261128,4.0,7.3159223860273395,2180.3743315508023,1989.0,1409.6103168393572,17.47181008902077,15.0,14.558482992082142,3.9154302670623147,2.0,6.842114529956652,6.259643916913946,5.0,5.949460538999444,585.5148367952522,579.5,238.91948556348393,3.934086528377614,3.890027365830435,0.2868993867097359,271.31305637982194,273.0,88.64779924343364,632.5118694362018,629.5,250.7876341683834,3.909455607664676,2.65974698018852,2.79386886388924,46.997032640949556,37.0,41.35566738024548,11.025222551928783,9.0,9.815729501230827,0.56973293768546,0.0,1.8346275303800788,21.51038575667656,19.0,14.087100487614457,18.50593471810089,16.0,11.008876349840317,1978.9068100358422,1979.0,3.948215634182108,29.093189964157705,29.0,3.948215634182059,1.63903990547206,1.63903990547206,0.0,1.5554752978587945,0.0,3.4677815045322284,1.8649851632047478,1.0,3.9251378014729896,0.3118222830913968,0.3070689841523825,0.08713259251420694,0.2611368379174879,0.2525542726699055,0.1292723719868014,64.31899109792285,63.0,23.75032390219254,-0.2624451932208601,-0.2786791782688215,0.2091494236657565,0.8586450353011867,1.0,0.33395366095659645
2009,5070.363001745201,0.0,16135.300343306253,7.972076788830716,5.0,8.89188689185763,2225.940789473684,1868.5,1499.165870201332,18.483420593368237,14.0,16.542332456587264,3.5479930191972078,2.0,5.336234855543524,5.975567190226876,4.0,6.1734342230280985,564.958115183246,541.0,290.06365648943637,3.947178852017527,3.8816436485050847,0.39739719896055253,266.4171029668412,257.0,116.11842363886848,612.7329842931937,590.0,311.87093368454094,3.880577817221143,2.40690204961301,2.9865228264969783,47.774869109947645,39.0,40.27757618772527,10.942408376963352,8.0,9.579361143826128,0.9895287958115183,0.0,4.482666143780891,21.63525305410122,19.0,15.74095188475904,17.527050610820243,16.0,12.06833911287043,1978.9180327868853,1980.0,5.899138758281169,30.081967213114755,29.0,5.899138758281211,1.93163078210785,1.93163078210785,0.0,1.800662877253976,0.0,3.6383862220072727,1.844677137870855,1.0,3.185735324013706,0.3066961721708513,0.2987724262475965,0.08093769277096309,0.25236844590840796,0.23504912218561852,0.12683376861542373,61.88830715532286,61.0,27.892113946078283,-0.2554292697295664,-0.26431493053694,0.19464043616372773,0.8535714285714285,1.0,0.33843406183311914
2010,6837.045722713864,0.0,24317.19351438252,7.827433628318584,5.0,8.325967080198634,2178.628083491461,1912.0,1454.532243618864,18.762536873156343,15.0,17.781571810890245,3.550147492625369,2.0,4.626651166036531,5.971976401179941,5.0,6.158956388752562,547.7713864306785,512.5,397.41304812454337,3.958177537621815,3.9132710946870253,0.3488871518742467,264.2094395280236,258.0,134.81220736613267,596.4203539823009,558.5,416.1397497040796,3.4392331867399055,1.88838528960775,3.0879999255394197,48.64896755162242,37.0,44.483785476020834,10.7094395280236,8.0,9.997914079863445,0.9188790560471977,0.0,3.8445684504615696,19.451327433628318,17.0,15.254507230644746,17.97345132743363,15.0,17.814053591276497,1980.893536121673,1979.0,5.062592572485861,29.106463878326995,31.0,5.062592572485756,2.02277226152724,2.02277226152724,0.0,1.8783615959268893,0.0,3.727926249291748,1.4749262536873156,1.0,2.017308320544211,0.3173782384967909,0.314832763775947,0.08129039072185901,0.2672628767287735,0.252088013208575,0.13142849472620238,60.92035398230089,59.0,37.95939094062919,-0.24879960849690722,-0.259931742317147,0.18187136858913758,0.821656050955414,1.0,0.3834130350451093
2011,10909.68972972973,0.0,35187.484238621546,9.965405405405406,6.0,11.830096486131584,2290.97603195739,2034.0,1532.4211186087523,19.956756756756757,17.0,17.06012636377328,3.7632432432432434,2.0,4.998392628028422,5.682162162162162,4.0,5.838608221943473,525.9124324324324,493.0,291.76064640584195,3.9352118210670426,3.88684258365846,0.3297050083818177,262.19675675675677,254.0,116.82808340343978,576.0086486486487,546.0,312.53782443091876,3.5495592700129173,1.31191416981327,3.527393890166579,50.09621621621621,39.0,44.393147612346134,10.638918918918918,9.0,9.310969588295016,0.8789189189189189,0.0,3.7411423410699074,19.79783783783784,17.0,15.277278337951198,17.208648648648648,15.0,12.173916958984652,1983.9692307692308,1984.0,6.432386302318818,27.03076923076923,27.0,6.432386302318931,2.90956935366992,2.90956935366992,0.0,2.597865889740237,0.0,4.083243987123522,1.4313513513513514,1.0,1.8395871721886312,0.31490924231461936,0.310183262068128,0.08192116806516037,0.273753545687683,0.266536650558313,0.1288455454413947,58.96108108108108,56.0,31.13770905569204,-0.2562698061021892,-0.26465824488047,0.19203639502616215,0.918010752688172,1.0,0.2734886327237047
2012,19652.26854219949,0.0,52969.81889984067,12.391304347826088,9.0,12.390661438116078,2242.052795031056,2047.5,1496.3280064575667,21.585677749360613,18.0,17.602615754129662,4.283034953111679,3.0,5.631156653138876,5.803921568627451,5.0,5.385553134116884,546.4236999147485,524.0,269.37791503794386,3.9488326427088194,3.88662790697674,0.33616905519231555,273.65728900255755,266.0,110.77499344395241,597.5984654731458,577.0,289.9097333289655,4.15125312195466,0.728972071499706,3.923040849454649,51.17476555839727,40.0,46.04011432636495,11.121909633418586,9.0,9.172203841642746,0.6896845694799659,0.0,3.366803051022993,20.904518329070758,18.0,14.080318909427223,17.84825234441603,16.0,11.21694951464451,1984.3333333333333,1985.0,6.08586082447391,27.666666666666668,27.0,6.085860824473837,4.43493195997388,4.43493195997388,0.0,3.7797947530133635,0.0,4.32107685849459,1.7297527706734868,1.0,3.047593414715841,0.31386408728487314,0.3087972419298425,0.08160120233075754,0.27112278996191047,0.25759210479115646,0.1291453781311045,60.088661551577154,58.0,27.77230646061257,-0.2596914376322536,-0.2676383515699905,0.17954201788904964,0.807648401826484,1.0,0.394002235316569
2013,23281.830409356724,0.0,68187.74445109791,13.118629908103593,9.0,13.091176103267573,2291.042596348884,2153.0,1486.2959602422522,23.883876357560567,20.0,18.704998590009524,4.03842940685046,2.0,6.32761058577048,5.515455304928989,4.0,5.5256292546262085,537.3350041771095,518.0,248.19398272919653,3.9381759184292395,3.885660609146045,0.2897686961855545,266.3091060985798,257.0,103.98655540325899,585.0735171261487,560.0,260.8751728216515,4.1204624026352645,0.490927539575179,3.9685173958860993,47.73851294903926,37.0,41.87236892900411,10.65998329156224,9.0,9.373636498378525,0.695906432748538,0.0,2.344014996884432,20.47953216374269,18.0,14.032414354762894,17.680868838763576,15.0,11.63527719904723,1982.399185336049,1982.0,7.131671194667179,30.60081466395112,31.0,7.131671194667191,4.69880536120113,4.69880536120113,0.0,3.9801991401772026,0.0,4.339166614221431,1.7126148705096074,1.0,2.8635553823242548,0.30848252802637377,0.301370169049588,0.08227368024369262,0.26992794825533056,0.2589984171559055,0.12591984765151043,58.288220551378444,56.0,24.64425085611262,-0.2635309735016794,-0.266205022605146,0.19465201774783158,0.7490174572708163,1.0,0.41075524396812946
2014,15895.58855961406,0.0,44527.249171013274,12.374913852515506,9.0,11.903058049965557,2281.1637860082305,2083.0,1533.4971082121544,25.614059269469333,21.0,22.96780164807791,5.223294279807029,3.0,7.621098330354086,6.440385940730531,5.0,6.993573078382119,551.5024121295659,506.0,376.53537155048326,3.871440902361891,3.82564102564103,0.2890578260168657,261.5313576843556,243.0,136.88902458013285,599.8573397656788,551.0,409.8349453043777,3.703698733607855,0.548406505892679,3.81940962750522,48.354927636113025,35.0,52.96312453192709,11.67263955892488,9.0,11.769613235683623,0.8490696071674707,0.0,3.0972675659606006,20.855961405926948,17.0,17.64451455119903,17.314266023432115,14.0,14.136153080892408,1986.3379310344828,1989.0,6.784337025281786,27.662068965517243,25.0,6.784337025281862,4.1055800345619,4.1055800345619,0.0,3.5226273072296217,0.0,4.252017427664875,1.8518263266712611,1.0,3.4701826107404967,0.31799585340513586,0.312595496276343,0.0824961165311282,0.28563316568898145,0.279149903357029,0.13071144920924924,60.67195037904893,55.0,42.03066079850413,-0.26639548066918917,-0.27393010403547,0.18434414218651834,0.8844639962954387,1.0,0.31930512464501454
2015,25642.045708955226,0.0,75533.07894423394,13.255130597014926,8.0,16.36160220947644,2335.817100792752,2142.5,1500.932044316599,22.209421641791046,19.0,20.469056004167452,4.53964552238806,3.0,7.052983606656228,5.672574626865671,4.0,6.372924067517976,506.74860074626866,466.0,319.48805401287024,3.931400492413869,3.87008343265793,0.3455451154757724,243.0517723880597,229.0,125.02634953874728,558.6954291044776,520.5,339.9209716526736,3.8712719189290294,0.34327769779586,3.989223302498302,51.946828358208954,38.0,47.1207280688065,10.284514925373134,8.0,10.17821701860392,1.1002798507462686,0.0,4.425957446137597,19.202891791044777,16.0,15.048044725359315,16.54990671641791,14.0,12.888999168722235,1985.927392739274,1987.0,6.928140274710874,29.072607260726073,28.0,6.928140274710853,4.5598243163964,4.5598243163964,0.0,3.879835442301685,0.0,4.373115270537274,1.6469216417910448,1.0,3.276901989107037,0.3133591477404489,0.307484375387696,0.08612108018940112,0.27053477416387905,0.2599249981301295,0.13230412648722636,59.639925373134325,56.0,33.70390699742837,-0.2402996211125492,-0.2446097517347,0.18769710478778917,0.832810867293626,1.0,0.37333975402036623
2016,25913.90741553313,5059.0,81495.92162457421,13.555506801228608,8.0,17.604556941462633,2392.0945802337937,2274.5,1499.0916734418308,25.486178148310664,23.0,19.647277227733618,4.348398420359807,2.0,6.058587664122764,5.97718297498903,4.0,6.746078544663739,501.1088196577446,478.0,271.98688108495213,3.8510590764964676,3.802892028407585,0.42175900000113326,222.9670908293111,209.0,106.10918087902827,547.0903905221588,521.0,287.97226004369924,3.87738331560411,6.2283137454783,3.942637010936103,45.981570864414216,35.0,41.11838209252735,10.375164545853444,8.0,10.048876041992408,1.5958753839403248,0.0,5.707795496014508,17.682316805616498,15.0,12.998818028377968,16.305835892935498,14.0,11.970879071072893,1988.0502994011977,1990.0,6.8945367647448705,27.949700598802394,26.0,6.89453676474492,5.03291135875354,5.03291135875354,0.0,4.221860611073839,6.91391984725727,4.279476203314638,1.6112329969284773,1.0,3.2280563601766605,0.31505209127996686,0.308150637571542,0.08910779798624975,0.26953506391767074,0.260536817878192,0.1320828371370847,59.115840280824926,56.0,29.392304408762502,-0.22158007067092003,-0.230481117179519,0.19013495371882508,0.8661749209694415,1.0,0.34064380434390595
2017,20654.283582089553,0.0,59036.02777977296,12.734404898584003,8.0,14.267968132311701,2521.398377862595,2410.0,1535.9612568382404,25.670110983543818,23.0,18.936397491323238,3.9464217374665136,2.0,6.25156945204961,5.569077688480673,4.0,6.103020035340893,487.2900880214313,464.0,235.82184507825033,3.816680157404763,3.783722451649835,0.3090299944476848,211.84500574052814,200.0,95.25212418665139,527.9012629161883,503.0,249.06025099155974,3.8773833156026907,0.0944978711267153,3.9030749646096896,40.611174894756985,32.0,35.10140066103365,9.337160352085725,7.0,8.970770165066412,1.8675851511672408,0.0,6.0762820747836255,17.185227707615766,15.0,12.994113842795834,16.187523918867203,13.0,13.021982140468294,1988.6898678414098,1991.0,6.985045343312383,28.31013215859031,26.0,6.9850453433121835,4.91844527830774,4.91844527830774,0.0,4.132753484408735,0.0,4.2520534192255175,1.4515882127822426,1.0,3.4298441285486603,0.3067141177828545,0.299157557388147,0.08763352254813442,0.2627181441665779,0.247565243280295,0.13482370809124772,56.546115575966326,55.0,25.50809628154432,-0.2341591984920003,-0.239819318056107,0.1844721812913226,0.8306208559373117,1.0,0.3726173644994571
2018,13839.466385075677,0.0,46593.30781346575,11.861668426610349,8.0,14.187534645880143,2508.062714776632,2356.0,1480.0210391255455,25.778599084829285,23.0,19.00972452053434,3.641323477648715,2.0,5.622437088235883,5.381203801478352,4.0,5.422831113242055,478.84582893347414,454.0,237.54196995587668,3.796081248893902,3.75483870967742,0.304695400160923,207.39739528335093,196.0,93.20173550023267,522.2354804646251,494.0,256.73701913478396,3.8773833156033093,0.569007075639225,3.7515681322343704,43.389651531151,32.0,43.4665714835373,9.355156634987681,7.0,9.473994185628904,2.3424850404787048,0.0,6.915021464216029,16.598028863076383,14.0,12.016639709838525,15.885251671946497,13.0,11.547461644811804,1990.4596711041504,1992.0,6.46907116284263,27.540328895849647,26.0,6.469071162842822,4.33088953431474,4.33088953431474,0.0,3.6798964014644757,0.0,4.162218437904062,1.3220696937697993,0.0,2.7081193925742726,0.3067710761913494,0.3002564953196615,0.08703883489303083,0.26400488334604455,0.2510627710393495,0.1347738375115901,54.860964449137626,52.0,26.788688495763125,-0.23323742600645217,-0.2341781916155215,0.1841617850353358,0.8146964856230032,1.0,0.3886988529607403
2019,11173.293816319063,0.0,45642.766288637315,10.165386022685693,6.0,14.266846730657473,2451.1503662214564,2327.0,1474.5774594255035,27.86059275521405,25.0,22.020603670928633,3.5645810464690815,2.0,5.536708704780118,5.525429930479326,4.0,6.749097944709973,480.794731064764,458.0,281.0628266677285,3.756603187365519,3.71610845295056,0.3132216209983608,200.2334431028174,186.0,96.15887343201689,524.6330040248811,497.0,309.350468933252,3.8773833156033053,1.45457853262021,3.52554606253855,43.83827296011709,35.0,46.996956836810966,8.967069154774972,7.0,9.75319589893588,3.1350164654226127,0.0,7.282401693344572,16.504573728503477,14.0,13.226836057957966,16.111964873765093,13.0,13.830570394369566,1990.161648177496,1991.0,6.858084699886982,28.838351822503963,28.0,6.858084699887089,3.17491678974836,3.17491678974836,0.0,2.7974925762600087,0.0,4.057266972771377,1.2941822173435784,0.0,2.801476648462357,0.30211242104647146,0.291483448923759,0.09034697230259676,0.27771306055168465,0.263075515627861,0.13838403561003584,50.84888401024515,48.0,31.753434401678412,-0.24527304568946307,-0.248129854599635,0.1914768673058537,0.8472039276733325,1.0,0.3576512556404353
2020,6240.184525971667,0.0,28562.57473640586,8.32110424990919,5.0,10.89845012188697,2547.9860505666957,2437.0,1508.7972167378118,25.952052306574647,24.0,16.736367140661986,3.3283690519433344,2.0,4.818401107820335,5.156919723937523,4.0,5.483995301050145,458.79150018162005,454.0,169.84285692048667,3.770595701083189,3.7077364769168453,0.3402406738567658,194.83545223392662,188.0,67.77348360451676,501.27787867780603,500.0,177.6150241691695,3.877383315604807,2.03502393927291,3.1816747442731055,42.48637849618598,35.0,32.26271686352968,8.55321467490011,6.0,8.627600173662817,3.909189974573193,0.0,8.76877755705286,15.132945877224845,13.0,10.383793237277311,14.992008717762442,13.0,10.451539335824942,1991.2064220183486,1992.0,6.744215291284761,28.793577981651374,28.0,6.744215291284735,2.42928453493635,2.42928453493635,0.0,2.2029873838632765,0.0,3.793030213513412,1.2117689792953141,0.0,2.4527170124418456,0.30218450929778456,0.29358414786000253,0.0900744451057168,0.2799228353330639,0.2642611661335315,0.14283007511866427,45.614239011986925,44.0,16.935628831580203,-0.24194285129238852,-0.249386974210584,0.197863527782749,0.8194308145240432,1.0,0.3848497140816232
2021,4178.600075671586,0.0,16196.912686610967,7.685962920923194,5.0,9.358236447706949,2515.61197440585,2429.5,1479.4640343013289,26.0790768066591,24.0,17.82576613457076,2.8796821793416574,2.0,4.081018028663503,5.332576617480136,4.0,5.171131402536526,474.37797956867195,460.0,225.8960217474768,3.761784609861931,3.717694005773475,0.29199340146509145,200.78017404464623,189.0,84.67483621706975,516.9345440786984,497.0,237.3205363438331,3.877383315603176,2.51645338129486,2.8524748859173616,42.55656451002648,35.0,32.7672514594691,8.01853953840333,6.0,7.4963551971924804,4.29738933030647,0.0,9.89598156668645,15.425652667423382,13.0,11.193469978289263,15.385925085130534,13.0,10.97906542115568,1990.1515729265968,1992.0,7.447712127866663,30.84842707340324,29.0,7.447712127866629,1.7937574815258597,1.79375748152586,0.0,1.6838951482582376,0.0,3.5191571975147693,1.1993946273174423,0.0,2.4944995532110954,0.2965944476619169,0.288605923555335,0.08841174892664151,0.2688939703077734,0.253420710131742,0.13630879316874278,47.14982973893303,45.0,22.802335526416293,-0.24847847302103568,-0.253385309662138,0.1973917347341606,0.8785109528289209,1.0,0.3229448084017374
2022,1755.9759320434166,0.0,6035.106820600511,6.606890042472864,5.0,6.269503634961164,2596.9682726204464,2485.0,1514.20310651762,26.37942425672487,25.0,17.6159713632707,2.578574799433695,1.0,3.892722641505489,5.190184049079755,4.0,5.436054392652603,463.38367154318075,454.0,204.580298937668,3.748778536886498,3.70758122743682,0.3198676120819943,196.73336479471448,188.0,80.46972096400621,504.7866918357716,494.0,214.62456799341413,3.861363660545024,2.9254347497442,2.38502904897544,41.403020292590845,33.0,32.20563517537204,7.613025011798018,6.0,7.224796003657394,6.067484662576687,1.0,12.20015924471627,14.636621047663992,13.0,10.165119269693408,14.995280792826804,13.0,10.410823542851052,1991.4140914709517,1992.0,6.705277158980908,30.585908529048208,30.0,6.705277158980932,1.24548690935376,1.24548690935376,0.0,1.2159648083531862,0.0,3.09323412039838,1.0788107597923549,0.0,2.236684300185068,0.28883610675332816,0.279323412690844,0.0861518251361203,0.2595113700651571,0.246693620458245,0.13752828070830428,45.45257196790939,43.0,19.497402837659255,-0.2472988926839606,-0.247645898111935,0.1885783453203393,0.8278061224489796,1.0,0.37778988012609077
2023,1516.5529411764705,0.0,7921.981882089914,6.479551820728291,5.0,6.87115174162395,2546.005383580081,2448.5,1495.6913728437685,26.44985994397759,25.0,17.42073275246595,2.637535014005602,1.0,3.874610146312656,5.277310924369748,4.0,5.541614432876617,459.31596638655463,443.0,203.00757650454827,3.770214319203977,3.72361197970954,0.29915088051001903,199.49131652661063,189.0,81.5979153877797,502.4733893557423,483.0,213.73094935952145,3.912094255835378,3.25970855590225,2.050796623218895,43.15742296918768,35.0,34.60070734121113,7.1949579831932775,6.0,6.914117398979118,4.356862745098039,0.0,11.63648965527861,14.541736694677871,13.0,9.665572155790509,14.869467787114846,13.0,9.827565617231222,1992.2743628185908,1993.0,6.084094313035069,30.725637181409294,30.0,6.084094313035159,0.866427274920666,0.866427274920666,0.0,0.8797595718397481,0.0,2.7577875657292026,1.0420168067226891,0.0,2.8808406007590834,0.2868552987510214,0.278985793104973,0.08348821903373066,0.2511957615295831,0.23874185441961,0.1347298826883455,48.43809523809524,46.0,20.711197572569965,-0.2300016921446351,-0.2346674273713545,0.1824719019631562,0.8844629822732013,1.0,0.31962258096247415
2024,417.7362637362637,0.0,3169.1080409734786,5.313186813186813,4.0,4.4740802639203885,2717.219178082192,2595.0,1515.838538818563,24.653846153846153,22.0,16.497311401192416,2.956043956043956,2.0,4.032772069134715,6.483516483516484,5.0,6.360900310443114,448.63186813186815,449.0,201.58154150080028,3.7427546014328925,3.7,0.2956028711933153,197.3956043956044,192.0,81.91855261379968,493.0824175824176,498.5,212.4210319795857,3.7640887311944753,3.53859721172341,1.2311795566428245,44.45054945054945,36.5,30.192115518383964,7.576923076923077,6.0,6.873129309298451,4.818681318681318,0.0,11.830062016415878,14.928571428571429,13.0,9.916800697274066,13.653846153846153,12.5,8.81272068653333,1995.1145833333333,1996.5,6.789883793543499,28.885416666666668,27.5,6.78988379354349,0.301362972796479,0.301362972796479,0.0,0.3409019981573135,0.0,1.8557681543888795,1.098901098901099,0.0,2.538346549554286,0.29337186908632396,0.296043609110814,0.08254523087699255,0.268633730600323,0.263798748192034,0.12401530926409547,47.51648351648352,48.0,20.30342356747995,-0.2412336023428161,-0.243932526066618,0.17527600450628714,0.8857142857142858,1.0,0.3139488333987585
