artiste,distance_naive,n_tokens_corpus,rang_naif,distance_controlee,rang_controle,ecart_de_rang
ISK,0.04132947313311797,47526,1,0.8174153638917365,2,1
Niro,0.04313176783993222,127616,2,0.8482009204125011,12,10
Sadek,0.04650727761581863,103207,3,0.965585648014303,131,128
Ninho,0.04735776437963979,84429,4,0.9051991017236614,56,52
Zkr,0.048020498286115654,74720,5,0.8366268303929805,10,5
PLK,0.04848031745359305,83774,6,0.9020072157848542,52,46
SCH,0.048866698601571334,67290,7,0.8713435820950454,22,15
GLK,0.050088553212547016,53303,8,0.88867490970485,35,27
Lacrim,0.050265543732170626,102471,9,0.8879338062276135,34,25
S-Crew,0.05042665430473614,70304,10,0.9390469544372914,89,79
Sofiane,0.05070747310478452,73217,11,0.9496924751054753,108,97
Deen Burbigo,0.050856722232803575,44455,12,0.9278721565869801,76,64
Beeby,0.05170146414765531,62467,13,0.9943879107403385,170,157
S.Pri Noir,0.052558924227229076,39943,14,0.9484158172228094,106,92
Hugo TSR,0.0531509594148436,41340,15,0.9398260879370697,92,77
Bekar,0.05363065791298682,44130,16,0.9314399338074059,82,66
Vald,0.05379490948556387,132330,17,0.9978120653696892,176,159
Nahir,0.054002374404163334,37202,18,0.8911572815043929,39,21
Guizmo,0.054224087307706004,153169,19,0.9254175252395839,75,56
Vin’s,0.05530084968006388,43642,20,1.045225126978268,257,237
​DA Uzi,0.05540392055293952,66241,21,0.8345122486541051,6,-15
JuL,0.05540519601697713,509280,22,0.8879279095766002,33,11
Hornet La Frappe,0.05544835448061147,52941,23,0.9376827096038364,88,65
Mister You,0.05552583317161375,65678,24,0.900612920517819,50,26
Jarod,0.05754693240718456,101341,25,0.947261439449295,105,80
Niaks,0.0581708490464794,22980,26,0.8775254865147131,26,0
Sam’s,0.0582647421654211,46932,27,0.9688080162184803,139,112
Timal,0.058329480212071294,50332,28,0.9001079111659684,49,21
Zikxo,0.05892649305309938,67140,29,0.9574423948450824,117,88
La Fouine,0.05894896951023543,158711,30,0.9546144563639218,116,86
13 Block,0.05915052547525412,55918,31,0.9698795624656968,140,109
Worms-T,0.05922840877935032,16250,32,0.8508365810318208,13,-19
4Keus,0.05945792042492304,30190,33,0.896644909397371,45,12
Alonzo,0.05989884986441241,76711,34,0.9891819465868864,167,133
Seth Gueko,0.060017116474310406,89509,35,0.8836445414485693,30,-5
OrelSan,0.06045641453529438,64484,36,0.9617704774102552,125,89
Bigflo & Oli,0.06060521472599445,90439,37,1.0214388817530176,225,188
Sexion d’Assaut,0.06109076199892005,153639,38,1.0164248852402131,213,175
Elh Kmer,0.06111635812613403,33766,39,0.9435797089672897,97,58
YL,0.06119430789063429,68177,40,0.9575644882530238,118,78
Souffrance,0.06187835768655048,26018,41,0.9436356771523192,99,58
Nekfeu,0.061894395390823975,89315,42,1.0492660227647959,262,220
Lacraps,0.062069093750143356,51944,43,0.9790918205024063,155,112
Dosseh,0.06261053803670946,84905,44,0.9285150738720253,78,34
Sopico,0.0630624810027467,49135,45,0.8788999778955088,27,-18
Bosh,0.06313902473045574,27759,46,0.9155224586056109,63,17
F430,0.06316269151431508,26614,47,0.8958648477104512,43,-4
Werenoi,0.06363469361250307,22212,48,0.8431653849776338,11,-37
TSR Crew,0.06375657201850515,48086,49,1.068693712413095,293,244
Svinkels,0.06402180475157504,61499,50,0.9153091566619416,62,12
Zesau,0.06403243353322963,22149,51,0.9777477955076131,152,101
Landy,0.06463440156115552,25525,52,0.8582440634118611,16,-36
Ademo,0.06474678707958614,27084,53,0.9392241837349595,90,37
Djadja & Dinaz,0.06512080586103464,86397,54,0.9137666615189008,60,6
Swift Guad,0.06516306581058184,122369,55,0.9761079784207167,149,94
UZI (FRA),0.06524201963966991,25414,56,0.8348943790903416,8,-48
Maes,0.06528089049425745,48952,57,0.8347660055804258,7,-50
Panama Bende,0.0653095072850094,23361,58,0.9237799056212178,71,13
Jeff Le Nerf,0.06545262897955195,24802,59,0.9537793073378157,114,55
Lujipeka,0.0654981922960216,32411,60,1.0436326500532829,252,192
Casseurs Flowters,0.06616902967559457,28913,61,0.9507704169849839,109,48
Népal,0.06653452836740215,23294,62,0.9682783727090845,135,73
Niska,0.06690161161936115,51868,63,0.9802737219707861,158,95
Booba,0.06721498167563222,97214,64,1.0300966114772327,237,173
Lartiste,0.0675951558623139,53956,65,1.0236524579678983,231,166
404Billy,0.06785590540400033,49807,66,1.040970064492289,248,182
Georgio,0.06806811127665546,97293,67,1.0727862411791873,295,228
Bolémvn,0.06813098617766022,34848,68,0.9766779659105058,151,83
Kaaris,0.06845743986136898,101042,69,0.961257985867133,124,55
Lemon Haze,0.06850641447870331,12102,70,0.8362144220034919,9,-61
Intouchable,0.06889634109212339,19261,71,0.9800703578578364,157,86
Gérard Baste,0.0690372988701069,30042,72,0.958427380226209,119,47
Elams,0.06904330907482459,56890,73,0.9438257456756873,100,27
Rohff,0.06957431999973784,208353,74,0.9632057830665769,127,53
Lesram,0.06973107168669257,27300,75,0.8546225760806407,15,-60
Hayce Lemsi,0.06982515224203834,128753,76,0.9670046739107082,132,56
Beendo Z,0.06997689842826027,30692,77,0.7904084035787866,1,-76
Denzo,0.07031805449801976,18284,78,0.9492083533483479,107,29
Nakk Mendosa,0.07036326648048252,14537,79,0.9306134830377756,80,1
Sniper,0.07050604720076947,66018,80,1.013943046880085,209,129
Dibson,0.07065271925591587,35940,81,1.0057049825089668,188,107
RK,0.0709274700816731,65347,82,0.9243954104548968,74,-8
Zoxea,0.0710387786790917,25130,83,1.022791938010362,228,145
Yaro,0.07113811977422424,32083,84,0.9338636804925977,85,1
Furax Barbarossa,0.07148891566704796,57378,85,1.0830944419386743,314,229
Younès,0.07152786681829659,24652,86,1.0114240565361068,202,116
100 Blaze,0.07191274467329956,26532,87,0.9470355319130002,104,17
Fixpen Sill,0.0720996957772051,32783,88,0.9779809395523887,153,65
Limsa d’Aulnay,0.07214323109898557,24294,89,0.9048084263459251,55,-34
Volts Face,0.0722040996325275,37463,90,0.9405527808362698,93,3
A2H,0.07229025491646923,85937,91,0.9527935807822963,111,20
Busta Flex,0.07237515373231918,60208,92,1.01467230617205,211,119
Grems,0.07241122870263617,53890,93,0.9956659600328115,172,79
Gradur,0.07243755650150008,50256,94,0.8961719937988347,44,-50
Rimkus,0.0727018367562906,13346,95,0.8269582940768695,3,-92
Alpha Wann,0.07277889818291183,38153,96,1.0346614237663123,244,148
Mysa,0.07277978281922082,67274,97,1.0652847121427393,289,192
Lefa,0.07279536690003141,66507,98,0.9795063088836264,156,58
Caballero,0.07283837827714568,37703,99,1.0361635612373443,245,146
L’Algérino,0.07285096108472211,42742,100,1.0233596303081172,230,130
Aladin 135,0.0729835892110835,55285,101,1.0601881605016952,279,178
Mister V,0.07302485848884321,26044,102,0.9310461871211887,81,-21
Dinos,0.07312197260878339,87246,103,1.0082602649264039,194,91
Soso Maness,0.0733731851505729,31672,104,0.8951597033928957,41,-63
Grödash,0.07351167364736633,24636,105,0.9752441269608751,147,42
Zola,0.07370047973059535,31882,106,0.8606435810096432,17,-89
Fababy,0.07384230919686496,33987,107,1.0213788598909415,224,117
Sneazzy,0.0738702137990267,53092,108,0.9527104070314676,110,2
Laylow,0.07432555214004899,36331,109,0.9435988459811342,98,-11
Roshi,0.07433741661849003,48166,110,0.861887366605335,19,-91
Disiz,0.07434475478098934,136556,111,1.005736216527376,189,78
PRIME,0.07440290047365239,19604,112,0.8897623595754195,37,-75
Zamdane,0.07491281422132501,46856,113,0.9973893879409271,174,61
Manu Key,0.07519959898899276,24536,114,1.0062140686129597,190,76
El Matador,0.07530970805291815,25697,115,1.0177196438812552,218,103
Roméo Elvis,0.07534738326316825,42040,116,1.058089557926419,275,159
Kerchak,0.07564392557008426,27407,117,0.828179074032284,4,-113
Hatik,0.07580563380998762,66126,118,0.9009625310658965,51,-67
L’Entourage,0.07590755012327288,42177,119,1.0522155585058164,265,146
PSO Thug,0.07630270042487353,31937,120,0.9086239125332602,59,-61
1995,0.07687548533851618,28115,121,0.9763957977255996,150,29
Despo Rutti,0.07705720086838197,77755,122,1.0125942433807131,204,82
Hooss,0.07705874711160843,74297,123,0.8914930245746295,40,-83
Graya,0.07715100032440692,13572,124,0.9036153483163034,53,-71
Don Choa,0.07751897202385805,22577,125,0.994634021115804,171,46
Mystik,0.0776559421556986,41954,126,1.0098215509594002,196,70
5 Majeur,0.07773174371524005,14836,127,0.99765515106913,175,48
3010,0.07788481865828822,89296,128,0.9685860871308826,138,10
Leck,0.07789397737950976,14274,129,0.9462316772478174,103,-26
L’Skadrille,0.0779046375978566,29924,130,1.0228212742382146,229,99
MZ,0.07803637250060547,53543,131,1.013261795955946,207,76
L’Animalerie,0.07807192475361224,12947,132,1.0179271717655505,220,88
Lino,0.07809650553111058,35145,133,0.9970399334408793,173,40
Sultan,0.07841800040704894,34515,134,0.988828880594863,166,32
Koba LaD,0.07892240785574134,50630,135,0.8896526889432375,36,-99
Octobre Rouge,0.07898604190708669,39721,136,0.9534276320458279,113,-23
Demi Portion,0.07906358025166171,71977,137,0.9984234446473901,177,40
Dabs,0.07914599267894751,33806,138,0.9452952923792817,101,-37
Ol’ Kainry,0.07922845440983495,81055,139,1.0338249474968084,242,103
Rim’K,0.07964558522916965,57702,140,0.9319216090525322,83,-57
Leto,0.0799653103428346,54355,141,0.9068089838539952,57,-84
Dry,0.08005420880794478,32292,142,1.053047485240486,267,125
KIK,0.08027685033353849,65512,143,1.0076680425231963,192,49
D. Ace,0.08040759770093064,50062,144,1.0573737143780133,274,130
Fresh laDouille,0.0805977649147549,35462,145,0.8283625845341738,5,-140
R.E.D.K.,0.08071048702464256,36271,146,1.0738203427548993,297,151
Kamikaz,0.08110756482080905,67876,147,0.9684915051657544,137,-10
Gims,0.08122694037792155,89117,148,1.0130671128286683,206,58
La Fève,0.08128729722321504,58633,149,0.9543461788945168,115,-34
Kool Shen,0.08149591640262066,22912,150,1.0558976802722029,270,120
Cookiesan,0.08152391219367838,25127,151,1.0267021671899623,234,83
BFG,0.08154089912843898,13766,152,0.872547380681645,23,-129
Dika,0.08186975122474549,14297,153,0.8820420966680498,29,-124
Nusky,0.08195029895444073,23301,154,1.018804384350857,222,68
Faf Larage,0.08257055551892512,26343,155,1.0266201975226803,233,78
MC Jean Gab’1,0.08266273580483352,21826,156,0.9415002447563497,95,-61
Alibi Montana,0.08295273875905929,20922,157,1.040607314841322,247,90
Sianna,0.08300212880162028,15436,158,1.0450887112233587,256,98
113,0.08324341008964975,35021,159,1.0096311071262656,195,36
Gambino La MG,0.0833421277585834,21033,160,0.8992514675178335,48,-112
Davodka,0.08349333659668923,56159,161,1.0759383536156735,304,143
Hyacinthe,0.08362891733486921,31380,162,1.0325698130495382,241,79
KaNoé (BEL),0.08363432574143259,22853,163,0.983948907987927,162,-1
Kofs,0.08373178765774947,43246,164,0.8803180377031105,28,-136
High Five Crew,0.08380902659892797,14296,165,1.0804612934095281,310,145
Heuss L’enfoiré,0.08393627857975516,15765,166,0.8689610612578016,21,-145
MMZ,0.08408043973689883,30077,167,0.9238886966647355,72,-95
TLF,0.0843387586758706,27339,168,0.9900070051008896,168,0
Zek,0.08450579346657205,17361,169,0.9459589062179006,102,-67
ASHE 22,0.08480948527785992,30882,170,0.8607643676251111,18,-152
Youssoupha,0.08485314603357319,77154,171,1.1778444138994555,372,201
Ateyaba,0.085351033191851,47530,172,0.9195288384201199,66,-106
Mac Tyer,0.08576971310975723,110004,173,1.0568054423275461,271,98
Jazzy Bazz,0.08592227335851765,28179,174,1.098984675031452,326,152
Le Juiice,0.08602513362867348,14238,175,0.9212392460105878,68,-107
Benab,0.08613532768877086,34347,176,0.8969693983048388,46,-130
Oxmo Puccino,0.08741674535060207,66977,177,1.0802378559284371,309,132
Jack Uzi,0.08749276557033459,30595,178,0.9590147877344603,120,-58
Unité 2 Feu,0.08771794289854018,29136,179,1.0129542867737793,205,26
Salif,0.08781930716180508,55458,180,1.0381621214138446,246,66
BraSco (FRA),0.0878198078796728,13098,181,0.9600801262411114,122,-59
Les Sages Poètes de la Rue,0.08804838507641288,56274,182,1.117260230851645,341,159
MHD,0.0888868884512326,19770,183,0.9354577036124773,86,-97
Kekra,0.08891967773184895,90511,184,0.9867104375340915,163,-21
Senamo,0.08901176215781292,23806,185,0.9758061935719583,148,-37
Taïpan,0.0890239897956866,29383,186,1.1003056008621726,327,141
Still Fresh,0.08912659066840534,30027,187,0.9741539675518999,144,-43
Naps,0.08921683089292642,84481,188,0.915004083276521,61,-127
Saké (FRA),0.08929782601908975,15770,189,0.9814447956088274,160,-29
Mafia K’1 Fry,0.0894263506262839,33926,190,1.0280027092885125,235,45
Puzzle (Fra),0.08990489590838302,14049,191,1.0017609488221249,183,-8
Lomepal,0.09016746185443414,56859,192,1.07577477456219,303,111
So La Lune,0.09020039522529766,52003,193,0.907605127601001,58,-135
Jorrdee,0.09028185373596453,77344,194,0.9804798277116655,159,-35
Sinik,0.09037479777593549,104358,195,1.1065672940431444,332,137
Stupeflip,0.09041333664917395,40281,196,0.9932390322660507,169,-27
DTF,0.09082794962385321,49914,197,0.9639479794919141,129,-68
​​okis,0.09119640256758621,18825,198,0.8725511707993971,24,-174
AM La Scampia,0.09124360222810746,12743,199,0.9222745745886735,69,-130
Jok’Air,0.09124754140328728,66116,200,1.0028384444242138,186,-14
Black Kent,0.09126817063858983,34212,201,1.0138650710288677,208,7
Gambi,0.09126964660476089,19305,202,0.8515431843503323,14,-188
2zer,0.09128167005861543,20653,203,1.047750887477634,261,58
Sat l’Artificier,0.09139375721297116,28121,204,1.0431240476812462,251,47
Gringe,0.09157629328120043,15403,205,1.0173725581532398,216,11
Triptik,0.09183452334475573,18921,206,1.0570468277880254,272,66
Canardo,0.0918712968221177,24968,207,1.0599068166953587,278,71
Le Klub des 7,0.09199289288922263,16139,208,1.0654060311188658,290,82
Maska,0.09219818856841833,39846,209,1.0762037249915515,305,96
H Magnum,0.09253503749749914,26161,210,1.0080874872845482,193,-17
JNR Slice,0.09283430885887733,12492,211,0.9240274575694938,73,-138
Barack,0.09297810970568055,29058,212,0.9727416075296861,141,-71
Lady Laistee,0.09298251987462947,23301,213,1.01068746535619,200,-13
Nessbeal,0.09397170682618006,45703,214,1.0170031398461465,214,0
S-Pion,0.09402887707075136,14198,215,0.9415127651226952,96,-119
Luidji,0.094077054384468,27777,216,1.0745956908504057,299,83
Odezenne,0.09427969318317375,19154,217,1.0463551536009204,259,42
Lorenzo,0.09460551183508592,25866,218,0.9733512767362783,142,-76
Beny,0.09479346473250061,18074,219,1.0307303632054339,238,19
Alkpote,0.09479770506816787,109879,220,0.9637079096335784,128,-92
Flynt,0.09503101530443958,24946,221,1.1615468322428657,371,150
Aketo,0.09508501269215608,13722,222,0.9408203763850893,94,-128
Fabe,0.09530581667777294,41153,223,1.017620299860862,217,-6
Rounhaa,0.09534023953103499,27200,224,1.006673644836584,191,-33
Abou Tall,0.09559632155025155,25577,225,1.0034040712494154,187,-38
Green Money,0.09564646986076109,18923,226,1.0103687693593846,199,-27
Luv Resval,0.0958999340579072,77015,227,0.9591163956919742,121,-106
Kamelancien,0.09632771826088993,25813,228,1.0458305319568553,258,30
Axiom,0.09646370609720156,20421,229,1.108669464231438,334,105
Psy 4 de la Rime,0.09653403218751677,56318,230,1.059329330522024,277,47
Lord Esperanza,0.09658547520441596,68817,231,1.1247769221290231,350,119
Sefyu,0.09661115663039643,37635,232,0.9631699155405281,126,-106
PNL,0.09746944714598327,37952,233,0.9607010468442252,123,-110
Dooz Kawa,0.09827660300210705,40462,234,1.152090707805339,368,134
Akhenaton,0.09831233630082237,84717,235,1.062882524299097,284,49
Benjamin Epps,0.0984077718371118,19270,236,0.9831381839551324,161,-75
Escobar Macson,0.09869418010037845,13479,237,0.9734935719020604,143,-94
Zbig,0.09929075134810905,17096,238,0.8954709893909302,42,-196
Shurik’n,0.09936177582110517,30838,239,1.1019009583562955,328,89
Fonky Family,0.09937599368541927,46019,240,1.0695797517468264,294,54
Dandyguel,0.09942714004937414,31267,241,1.044654657288771,255,14
Naza,0.09943173558068408,40795,242,0.9749693424830408,145,-97
Chilla,0.09964896296236803,26877,243,1.0657890082752974,291,48
Pit Baccardi,0.09970643995614248,24002,244,1.08198598847384,313,69
Tunisiano,0.0997782816626247,24658,245,1.0661919911656936,292,47
Hippocampe Fou,0.09979528807246996,36249,246,1.042810910647391,250,4
Kalash Criminel,0.1001662132505674,38396,247,0.9326201867121855,84,-163
Youri,0.1003529260888335,32860,248,0.8980965793528459,47,-201
Black M,0.10058979977416138,58665,249,1.0107722730945823,201,-48
Guy2Bezbar,0.10063248672652148,26308,250,0.9358010918713145,87,-163
Dany Dan,0.1006645233075798,26971,251,1.096654725532559,324,73
Mafia Trece,0.10077891869058675,13948,252,1.0983713501312538,325,73
Moubarak,0.10153786618660665,15643,253,0.9211357163928223,67,-186
Tiers,0.10162902434883958,25034,254,1.061775392626423,281,27
Houari,0.10176752738786898,14717,255,0.8763570043765124,25,-230
Youv Dee,0.10181929725784977,42106,256,0.9751810789643741,146,-110
Neg’ Marrons,0.10229177915099519,39798,257,1.0812765958952082,312,55
Kemmler,0.10289265255361024,28891,258,1.0340942307726324,243,-15
Doc Gynéco,0.10342866516326099,20732,259,1.0750252861188074,301,42
Kacem Wapalek,0.10367887517195329,17114,260,1.0148978084412448,212,-48
Kodes,0.10408650572080325,18907,261,0.8868940029020973,32,-229
Saïan Supa Crew,0.10413563852643892,21990,262,1.0644615161380064,288,26
X-Men,0.10419877147980683,20299,263,1.0170974971396685,215,-48
Tiakola,0.10449848897885583,12364,264,0.9236556255401338,70,-194
Kamini,0.10475429631154198,23699,265,1.030761301449925,239,-26
Beat de Boul,0.10501873693437014,12901,266,1.1151976754145372,340,74
Chiens de Paille,0.10587910431711656,12992,267,1.1239515288924764,349,82
Grand Corps Malade,0.10612801789380288,51061,268,1.1124469506739425,339,71
Ixzo,0.10625693434048378,12048,269,0.9171327508109969,64,-205
​nelick,0.10662235793836938,30346,270,1.0928723111116936,321,51
Rockin’ Squat,0.10715837559023023,54107,271,1.0555315966068213,269,-2
IAM,0.10734748028719188,152308,272,1.145710967042423,365,93
Kery James,0.10744307358479421,72024,273,1.1093398111760444,335,62
Rocca,0.1076117115202544,27354,274,1.0884415190348253,319,45
Scred Connexion,0.10761967987070686,14361,275,1.0956745676767023,323,48
SDM,0.10785149045520392,25227,276,0.8678104186514205,20,-256
Damso,0.10880457485141082,53949,277,1.060549698855137,280,3
TiTo Prince,0.10908308947689349,43443,278,1.0423761094158006,249,-29
Soprano,0.1094175100113266,70089,279,1.0746849231243563,300,21
Kroc Blanc,0.10981707076427694,15296,280,1.093364240354599,322,42
OBOY,0.10982244793165408,20415,281,0.9279547905193262,77,-204
Tsew The Kid,0.10989448388055911,34900,282,1.1414982633077835,359,77
Moha La Squale,0.10996994189643872,46341,283,0.8906070750550885,38,-245
Médine,0.11010901450432231,61563,284,1.0620595028254716,283,-1
Abou Debeing,0.11013162267113241,28569,285,1.0025228658365817,185,-100
Josman,0.11034733217217818,62126,286,1.0006361452232477,181,-105
Kalash,0.11076693341718458,31646,287,0.9999479038130499,180,-107
Diam’s,0.11089782124158631,44831,288,1.1310369279946455,354,66
Stomy Bugsy,0.11141812745341939,15218,289,1.0444938995450777,254,-35
Scylla,0.11166647127526452,75117,290,1.1039503856943196,330,40
Maj Trafyk,0.1120822818175291,22138,291,1.104659658001954,331,40
Diddi Trix,0.1140741045768725,24630,292,0.8837018651053473,31,-261
Bisso Na Bisso,0.11423548021074015,13362,293,1.047589742276075,260,-33
MRC,0.11442264928286106,23871,294,0.9784977554613481,154,-140
KeBlack,0.11479414958629586,35876,295,1.073980158418313,298,3
Siboy,0.1149623339455842,18843,296,1.0523419058420025,266,-30
Ärsenik (Group),0.1155194184238606,24137,297,1.0323055110332087,240,-57
SEB (FRA),0.11599216170632654,12042,298,0.9647253226385675,130,-168
Expression Direkt,0.11642967063002052,20099,299,1.0634819167102572,285,-14
Kohndo,0.11670639135166505,32239,300,1.144339281551983,363,63
Monsieur R,0.11709547614465476,15023,301,1.080974684620926,311,10
Le Rat Luciano,0.11716746110163045,21924,302,1.0788595203277658,307,5
Thabiti,0.11820511756983687,13012,303,0.9678554555894409,134,-169
JeanJass,0.11856261348702635,16405,304,1.0636047076119204,286,-18
Cabadzi,0.11879857627423362,19629,305,1.0865492824654193,317,12
Al Peco,0.11887226954473984,12740,306,1.0103225093497203,198,-108
Nemir,0.11896224723269078,14579,307,1.0250045867186954,232,-75
Rochdi,0.11954369435043544,45232,308,1.0867942922521487,318,10
Miklo,0.11996132402306314,13660,309,1.0205527418429725,223,-86
Krisy,0.12001267325787379,47080,310,1.1071912468291978,333,23
Nysay,0.12134751094083862,12323,311,0.967167146158626,133,-178
Hamza,0.1221233164475215,68353,312,0.9394607850101326,91,-221
Butter Bullets,0.12232685079846373,33225,313,1.0101244752146736,197,-116
Rocé (FRA),0.12246856596966604,20006,314,1.1227780248291408,346,32
47ter,0.12291668642489229,30387,315,1.0436947216141077,253,-62
Lunatic,0.12296138373970089,29294,316,1.0586486243206947,276,-40
Luni Sacks,0.1233777979350752,12570,317,0.9999312265035092,179,-138
Doums,0.12343091802968875,12659,318,0.9867612021816156,164,-154
Darryl Zeuja,0.12392320104297128,15620,319,1.0507242817309808,264,-55
Alrima,0.12477065018705435,31090,320,0.9985450140286299,178,-142
Tandem,0.1249240543137945,23588,321,1.0799888089472116,308,-13
MC Solaar,0.12533030126173417,50478,322,1.133386072734597,355,33
Benash,0.12560971874078697,16029,323,1.0177499173003894,219,-104
Keny Arkana,0.12627914343589508,62106,324,1.1258282526372931,351,27
Riski,0.12673121704947954,12343,325,1.0846485721725294,316,-9
USKY,0.12904216217340303,21766,326,1.030037339094437,236,-90
La Cliqua,0.12933468236166135,20114,327,1.1214810607345627,344,17
Klub des Loosers,0.1313860996239078,38426,328,1.14184815090683,360,32
Gaël Faye,0.13279440751806404,19914,329,1.1232817003617241,347,18
The Shin Sekaï,0.1332382337634348,32293,330,1.0906573015233416,320,-10
Soolking,0.13336599761177592,25673,331,1.011818225646062,203,-128
TTC,0.1343847021432758,21671,332,1.102041258799502,329,-3
Gazo,0.1353200264201222,16068,333,0.9044725374159519,54,-279
Alpha 5.20,0.13565440547008611,20782,334,1.0506199195996668,263,-71
Lucio Bukowski,0.13669379470997622,103597,335,1.0737038687543743,296,-39
Joe Lucazz,0.13915372439458873,20885,336,1.0145772816352814,210,-126
James Delleck,0.14033093252809214,13894,337,1.1371046761094141,357,20
La Brigade,0.14059008816414464,13084,338,1.061967545024294,282,-56
Meryl,0.1408677655668158,12353,339,0.9683763127743952,136,-203
La Rumeur,0.1418803953912624,57691,340,1.1112936442347305,338,-2
Ministère A.M.E.R.,0.1430900890434077,13737,341,1.1260403391362837,352,11
Moha K,0.14323298854834576,13037,342,1.0553089201306294,268,-74
Suzuya,0.143239546225986,35952,343,1.0844234691451888,315,-28
Retro X,0.1448697931171904,51481,344,0.9868970750182505,165,-179
Suprême NTM,0.14755285835438559,28967,345,1.1894285129540758,373,28
Ridsa,0.1481197468228168,38852,346,1.0764625215713592,306,-40
Boostee,0.1486379560185742,20133,347,1.1529938966551623,369,22
Lala &ce,0.1487271745793698,19036,348,0.9298747163056093,79,-269
Abd Al Malik,0.15050452753369215,34968,349,1.1420767197454929,361,12
J9ueve,0.15091915314957172,16279,350,0.9182037962039535,65,-285
La Canaille,0.15093442488893327,18772,351,1.1112543321608852,337,-14
VII,0.15196856533818814,49936,352,1.1487893281062966,367,15
Ideal J,0.15232666533415462,19893,353,1.1219172747126154,345,-8
Vegedream,0.1550283165975046,30541,354,1.0012530753696218,182,-172
Casey (FRA),0.1556896924063389,15959,355,1.0641178817847265,287,-68
La Caution,0.15790835736788034,18969,356,1.1235062583801638,348,-8
Spider ZED,0.1584708410339548,23340,357,1.0181303323490876,221,-136
Assassin (FRA),0.15939297619203996,32239,358,1.1402925134009139,358,0
Dadju,0.16258540868744908,42101,359,1.1178411158798158,342,-17
Eddy de Pretto,0.16718686538007077,20337,360,1.1429615406919007,362,2
Zuukou Mayzie,0.1680426466300331,23010,361,1.0020460179237285,184,-177
Lonepsi,0.1683398893844985,41005,362,1.2150131716503014,374,12
Manau,0.1698988183321397,28824,363,1.1189545721366405,343,-20
Joey Starr,0.17247295899091597,12461,364,1.0755908480827288,302,-62
Franglish,0.18770646522093093,37506,365,1.0215636840637357,226,-139
Ali (FRA),0.18781955902457304,20024,366,1.1446475688897937,364,-2
Lycos,0.19574192272993995,26753,367,1.0572559898992602,273,-94
Therapie TAXI,0.20367170400633505,26322,368,1.1599950471273637,370,2
Freeze Corleone,0.204903164873524,67842,369,0.9533007370992407,112,-257
Fayçal,0.20933258727714232,23740,370,1.1097648664819897,336,-34
Wallen,0.21212790390363678,17963,371,1.1298800434658458,353,-18
K-Reen,0.24776648462088846,13331,372,1.148348954893854,366,-6
Serane,0.2582045210700098,23383,373,1.02209811366304,227,-146
Tragédie,0.2913389167028617,15449,374,1.1370290272956762,356,-18
