,pc1,pc2,is_ziak
100 Blaze,-0.08063041163348295,0.056611104127501956,False
13 Block,-0.08320361094799404,0.027555234957699088,False
3010,-0.033247246636134646,-0.08948259861067176,False
404Billy,-0.08656156619036284,-0.08852420038348982,False
47ter,0.1236704534373612,-0.03484097328331386,False
4Keus,-0.09921722770998428,0.030325778454001192,False
A2H,-0.039760948085436024,-0.02546953506595029,False
AM La Scampia,0.043852578297616886,0.14521925806465924,False
ASHE 22,-0.13623659079954284,0.006122989380741098,False
Abou Debeing,0.08685803718662406,0.12920920549318296,False
Abou Tall,0.09814266813736643,0.048968949709697084,False
Alkpote,-0.10262592599476335,-0.11165776016182993,False
Alonzo,-0.11535949668385093,0.017752190520938536,False
Alpha Wann,-0.03577950925100875,-0.07027653569470735,False
Alrima,0.02536984096244046,0.1338184380269262,False
Ateyaba,-0.013595152358517961,0.13527438928829022,False
Barack,0.06408733231237702,0.10829521519032864,False
Beeby,0.028128712787420497,-0.043443041114980194,False
Beendo Z,-0.09981780419674176,-0.0029056922913468257,False
Bekar,-0.030660579018522028,-0.10584445447526265,False
Benab,-0.10262056269594273,0.04776766308748945,False
Benjamin Epps,0.008445307040282467,-0.018030872455202893,False
Bigflo & Oli,0.012477440667678474,-0.13558506575149754,False
Black M,0.02674868449369286,0.04569135081184945,False
Bolémvn,-0.10125309436735032,0.025047994346906532,False
Booba,0.03993178482737457,0.004934435295362494,False
Boostee,0.22481498979174985,-0.029835722393755253,False
Bosh,-0.07382390290834111,0.060191076828779805,False
Busta Flex,0.10763450460173937,0.03830759538561031,False
Butter Bullets,0.1443766751742736,0.02949875820155412,False
Chilla,0.09212282904049196,0.021464589832740213,False
Cookiesan,0.07181490952382989,-0.061027371303435114,False
D. Ace,0.015229231028765191,-0.12101180481799866,False
DTF,-0.03706828633270494,0.0408812186298806,False
Dabs,-0.07510453371014031,0.03205678782581586,False
Dadju,0.07510822868913945,0.026822968015313392,False
Damso,0.006210742281566716,0.013269087176602794,False
Dandyguel,0.1461782547202465,0.007638252711043239,False
Davodka,0.06653219308322754,-0.1629910740308851,False
Deen Burbigo,0.02896580795364808,-0.03780017180767382,False
Demi Portion,0.0714862602106203,-0.11850868380612976,False
Denzo,-0.026410920627322528,0.013101350641926161,False
Dibson,-0.0015193913901051083,-0.01714978964589349,False
Diddi Trix,-0.07447731159630694,0.15000945481699204,False
Dinos,-0.0863436025682472,-0.07573088529429464,False
Disiz,0.10018280217586381,0.017412983309356863,False
Djadja & Dinaz,-0.08715048706630041,-0.019943143562145774,False
Dosseh,-0.12900568577253368,-0.0608612929105203,False
Eddy de Pretto,0.1955838111564866,-0.045717079622087806,False
Elams,-0.07364627189686922,0.07550659933509866,False
Elh Kmer,-0.06981230024154272,-0.0003709708439931861,False
F430,-0.0628173281104368,0.0706727794597959,False
Franglish,0.06216527914694353,0.1705588289610586,False
Freeze Corleone,-0.06854035183435349,-0.03118273206000532,False
Fresh laDouille,-0.0829707170781608,0.021866674185196396,False
Furax Barbarossa,0.09101702655193246,-0.12021133382531292,False
GLK,-0.14120856310549157,0.03151109579533622,False
Gambi,-0.04956391370668277,0.14280344102619177,False
Gambino La MG,-0.11427039954051635,0.09646264653172126,False
Gazo,-0.07666073026396181,0.18992350105129022,False
Georgio,0.03186755488996979,-0.14336293550436408,False
Gims,-0.010691442830792172,-0.04135206836701365,False
Gradur,-0.06399319666366458,0.21691663822913285,False
Grand Corps Malade,0.21551252909176755,-0.12440555790397773,False
Grems,-0.03337455836857853,-0.06872437433140882,False
Guizmo,-0.10062404019992337,-0.061256273174647,False
Guy2Bezbar,-0.08794493755866784,0.14944450120755756,False
Hamza,-0.05062211973292471,0.17331495478363174,False
Hatik,-0.10377711372091523,-0.04797063062099521,False
Hayce Lemsi,-0.13002726898269823,-0.08509566787254494,False
Heuss L’enfoiré,-0.040966194600515704,0.08296080392277096,False
Hippocampe Fou,0.12477074910662776,-0.08024128123394207,False
Hooss,-0.06958991442254886,0.003560336127491148,False
Hornet La Frappe,-0.1151752627066893,-0.01913897485056949,False
Hyacinthe,0.14161731089951826,-0.08086362725102927,False
IAM,0.07841520024563857,-0.1508380293518221,False
ISK,-0.12455070025722868,-0.07316103339113215,False
J9ueve,0.06006249400408599,0.15093898737632552,False
JNR Slice,-0.004344372322611286,0.172786668958629,False
Jack Uzi,0.005459842657087994,-0.06930964592709365,False
Jarod,-0.05146670158378506,0.000552012878016419,False
Jazzy Bazz,0.0981564723424517,-0.0969364004417868,False
JeanJass,0.10755726845347315,0.03843821854709517,False
Joe Lucazz,0.036910308062370466,-0.09225292734704983,False
Jok’Air,-0.08513827147598513,-0.03626898202475161,False
Jorrdee,0.08024968530686309,0.015585460475120176,False
Josman,-0.06779284687175938,-0.008472077828595558,False
JuL,-0.18860794838634154,-0.07720628945515186,False
KIK,-0.028980284552513946,-0.095433260817918,False
KaNoé (BEL),-0.03259703028289881,0.030486287592752865,False
Kaaris,-0.12904613700527362,0.00525728402765366,False
Kalash,0.00215597958058172,0.10828460943496555,False
Kalash Criminel,-0.08902411759178598,-0.0033702060031760325,False
Kamikaz,-0.004354494601161959,-0.002088945590517444,False
KeBlack,0.10027757089212917,0.09102424263114597,False
Kekra,-0.1159570820564333,0.002364884615937299,False
Kemmler,0.10724119670471871,-0.1016453898386706,False
Kerchak,-0.09750404212573792,0.057164252973773665,False
Kery James,0.13167160533384115,-0.085691672247998,False
Koba LaD,-0.16391070630861077,-0.004973878475849893,False
Kodes,-0.10833240076429204,0.1498333274081109,False
Kofs,-0.07014558406358892,-0.013349752420349083,False
Krisy,0.16824843677588552,0.006579072962319742,False
La Fouine,-0.06886433656926312,-0.023336610457298717,False
La Fève,-0.06773802872025951,-0.05493408060427359,False
Lacraps,0.03710955966954571,-0.08115393535995712,False
Lacrim,-0.055656908786567656,-0.0017617176459817415,False
Lala &ce,0.025603107965158422,0.15943763354047916,False
Landy,-0.12178956859622767,0.0617463083176651,False
Lartiste,0.005177650433448668,0.0355870984236137,False
Laylow,-0.023943893150263986,0.027804603905241768,False
Le Juiice,0.017051157355338208,0.1090365912155199,False
Lefa,-0.02731220040599591,-0.07750659998843211,False
Lesram,-0.03440652562024451,-0.018808724148136634,False
Leto,-0.18913760200151036,0.01972635639659726,False
Limsa d’Aulnay,0.07161030677829201,0.012206085133248501,False
Lomepal,0.05274979122562067,-0.07959778442067904,False
Lonepsi,0.2735267219956625,-0.12993751456002448,False
Lord Esperanza,-0.005550951521022725,-0.1318037346500309,False
Lorenzo,-0.02086815697573073,-0.017363201809014427,False
Lucio Bukowski,-0.016355983235395128,-0.2075397693333345,False
Luidji,0.18841190028011026,-0.0005673352317979024,False
Lujipeka,0.019868082719717475,-0.06586612381312354,False
Luni Sacks,0.17891240824814214,0.06750917624009245,False
Luv Resval,-0.1412337903616453,-0.0334233269087942,False
Lycos,0.17801901916018895,-0.016855642310829415,False
L’Algérino,0.030640795263842256,0.13501673440954798,False
MHD,0.07260809926305929,0.13512982821947606,False
MRC,0.1381144936537653,0.20101746033575257,False
Mac Tyer,-0.007719753016714333,-0.039214924952704996,False
Maes,-0.14601325012758218,-0.016111963566696332,False
Maska,0.10928263309054678,-0.034781326962838685,False
McFly & Carlito,0.19445752613871198,-0.022606848801364297,False
Meryl,0.12811754703883665,0.13590183317106003,False
Mister V,-0.03805795011528379,0.0592610529227786,False
Mister You,-0.08415165503909035,0.010412426907607346,False
Moha K,0.1127923038205086,0.19028606166494857,False
Moha La Squale,-0.060031532087584945,0.011943860516265531,False
Moubarak,0.04058611650887359,0.09979081619571373,False
Médine,0.02104817819271278,-0.1298122949065812,False
Nahir,-0.13232935810691068,-0.05527630129075137,False
Naps,-0.13870585134251065,-0.0006665019282623574,False
Naza,-0.07387418201351721,0.10928441111565058,False
Nekfeu,0.02101637182622823,-0.10465530939628004,False
Nemir,0.17840055796098178,0.09618631995912567,False
Niaks,-0.019937879842653824,-0.01665559762812291,False
Ninho,-0.1727798445716805,-0.015014867815549716,False
Niro,-0.10793939898186027,-0.06500973706682325,False
Niska,-0.13329972122086334,0.10824916152277528,False
Nusky,0.08641523557635833,0.05403588146915243,False
OBOY,-0.023168565045105387,0.15800380919318935,False
Odezenne,0.2745079509059783,0.050417164579336,False
Ol’ Kainry,0.024618995528267008,-0.051957472406603436,False
OrelSan,0.07597088452583098,-0.08527530265380562,False
PLK,-0.15264900858562266,-0.05281590539902544,False
PRIME,0.052983031442561994,0.10746338516390022,False
Prince Waly,0.12344932793667394,0.008647836837243962,False
R.E.D.K.,0.04259380082293089,-0.09292982352686364,False
RK,-0.15233451176267226,-0.015917742446084886,False
Retro X,-0.007832124975478645,0.013381883458454607,False
Ridsa,0.26069775199993145,0.17690631268000703,False
Rim’K,0.004518881167556015,0.009630143934196412,False
Riski,0.16712327989775516,0.09130088022223795,False
Rockin’ Squat,0.11118033547357452,-0.1282616298564908,False
Rohff,-0.05674723678514203,-0.10563552739917456,False
Roméo Elvis,0.01768387408853709,-0.08084528479723019,False
Roshi,-0.12789479723956418,-0.02440390389110833,False
Rounhaa,0.062405972086661377,0.002504413180869001,False
S-Pion,0.01756011931047528,0.12462327566862225,False
S.Pri Noir,-0.05751596678160533,0.03817074882990338,False
SCH,-0.09392144046755214,-0.048344265935761424,False
SDM,-0.12189026849418409,0.09496859054808399,False
Sadek,-0.12328791405231065,-0.06901845919826122,False
Sam’s,-0.018614861262787455,-0.01619772100453685,False
Scylla,0.11897429122730782,-0.16100642750502187,False
Serane,0.03224648674452152,0.11460712766885617,False
Seth Gueko,-0.02750110882228525,-0.06148612022407798,False
Sinik,0.06685653600719837,-0.12108279476559725,False
Sneazzy,0.016233507442986083,0.0342087316342137,False
So La Lune,-0.10241929247373416,-0.026320850523787118,False
Sofiane,-0.051624692823403914,-0.012683173168193205,False
Soolking,-0.04218684884333471,0.1219533453532856,False
Sopico,0.04673575243439459,-0.02918985814832544,False
Soprano,0.12170973717875852,-0.003376575733061927,False
Soso Maness,-0.10494507277572969,-0.007670592454882222,False
Souffrance,-0.04409024890836125,-0.10194205081754473,False
Spider ZED,0.19435820660638625,-0.014249064301362625,False
Still Fresh,0.12548679084060263,0.12843674911499267,False
Suzuya,0.15748180514623536,-0.08129174217292597,False
Swift Guad,-0.025098465149518762,-0.1468720613772932,False
Therapie TAXI,0.22787273027655366,-0.03234306913549711,False
Timal,-0.15836791472068723,0.030600587459457543,False
Tsew The Kid,0.11663810205098159,-0.02792597951699697,False
USKY,0.136083371890764,0.02433701462190588,False
UZI (FRA),-0.06393291153189128,0.050117921204305464,False
VII,0.14188784070951407,-0.1987464729869771,False
Vald,-0.1082692052386643,-0.09899494224350702,False
Vegedream,0.04994216864533691,0.06661203337904727,False
Vin’s,0.03797335140539797,-0.12331918113681407,False
Volts Face,0.14896260278993198,0.05204011877947411,False
Werenoi,-0.08494619875816568,0.03074549444976969,False
YL,-0.12792295341192578,-0.07513543935450764,False
Yaro,-0.09104953999885439,0.05162856629483211,False
Younès,0.09782463024782269,-0.04391356045724993,False
Youri,0.014425236432184945,0.015616300642247925,False
Youssoupha,0.09011162299693493,-0.04810917433126629,False
Youv Dee,-0.012586040022355234,0.0438507342276886,False
Zamdane,-0.029080886456245562,-0.07042207760896539,False
Zbig,0.0012804159138083762,0.03515951103986086,False
Ziak,-0.07373450546310148,0.006362808736604354,True
Zikxo,-0.10679263096892595,-0.1321753919655246,False
Zkr,-0.13369247394836697,-0.10809022948915194,False
Zola,-0.15069978658975197,0.07231264447577238,False
Zuukou Mayzie,0.12385174412632334,0.0694548936098636,False
​DA Uzi,-0.11754590917756999,-0.05633344686028847,False
​nelick,0.10446370904933985,0.011425178297318112,False
​​okis,0.0040198991594155055,-0.05674657966097206,False
