,cosine_distance_char4,rang
Zkr,0.10013316227676616,1
ISK,0.10182681888206746,2
​DA Uzi,0.10216781083788029,3
PLK,0.1026017235131561,4
Dosseh,0.1026227329308147,5
Zikxo,0.1031155350700621,6
YL,0.10335183202000187,7
Nahir,0.10387884699231453,8
Hatik,0.10654393516143279,9
Hayce Lemsi,0.10684458383137452,10
Sadek,0.10696439908399968,11
Guizmo,0.10713918146509105,12
Niro,0.10732684561133565,13
Vald,0.10945895823503249,14
Ninho,0.11042393725684407,15
Swift Guad,0.1106059040041687,16
Koba LaD,0.11104122628188318,17
RK,0.11107801580208787,18
404Billy,0.11162529654569764,19
SCH,0.11283191701259465,20
Hornet La Frappe,0.11303352593399829,21
Kofs,0.11342489387692467,22
Alkpote,0.11357044155698959,23
Maes,0.11398613022143933,24
JuL,0.11412297794665416,25
Dinos,0.1151841690889911,26
Souffrance,0.11532364576844156,27
Beendo Z,0.1161689312096944,28
Lacrim,0.11656217016851489,29
Rohff,0.11695181650885489,30
KIK,0.11697347911481226,31
A2H,0.11794052695596569,32
Roshi,0.11822790005150019,33
La Fève,0.11869887175508609,34
Kaaris,0.11919363541469297,35
Luv Resval,0.11925684468560072,36
Bigflo & Oli,0.11944086206313254,37
Timal,0.1195297383573849,38
Jok’Air,0.11974669957804362,39
4Keus,0.11989805963522393,40
Zamdane,0.12002840478706112,41
ASHE 22,0.12063440485821364,42
Seth Gueko,0.12081691947262319,43
D. Ace,0.12096205598073595,44
So La Lune,0.12112528617294882,45
Djadja & Dinaz,0.12164645764055182,46
Leto,0.12173870546089793,47
GLK,0.12193483156959062,48
Soso Maness,0.12204286091444638,49
Bekar,0.12220754184316951,50
3010,0.12247176136597682,51
Lefa,0.12334311196165249,52
Vin’s,0.12366718882906458,53
Lucio Bukowski,0.12396415182181397,54
Lesram,0.12419472673732734,55
Alonzo,0.12422391496839302,56
Zola,0.12428110883752674,57
La Fouine,0.12437592073010029,58
Dabs,0.1244632158260115,59
Jarod,0.12514099620619967,60
Mister You,0.12540608618780158,61
Georgio,0.12593610253163745,62
Nekfeu,0.12626778617366508,63
Médine,0.12632599907961473,64
Bolémvn,0.12700857892693174,65
Lujipeka,0.12711691898137567,66
Kalash Criminel,0.12734985096105955,67
Alpha Wann,0.12787856231779582,68
Yaro,0.12811487862510673,69
Grems,0.12871898777112245,70
13 Block,0.128794567156707,71
Roméo Elvis,0.12889478254628117,72
Naps,0.12951418166401651,73
Dibson,0.13042941382567874,74
Josman,0.13087843346362793,75
Landy,0.13110050085162084,76
Kerchak,0.13122991022427566,77
Gims,0.13141507187155244,78
R.E.D.K.,0.13157978008122084,79
Sam’s,0.13202047857354415,80
Benab,0.13206637728937476,81
Hooss,0.13234008401676411,82
S.Pri Noir,0.13245604153061274,83
Mac Tyer,0.13294567382532674,84
Lord Esperanza,0.13306490484859923,85
Kekra,0.13362800494188154,86
Fresh laDouille,0.1338743163209285,87
Niska,0.13401885272172098,88
Jack Uzi,0.13434080782643265,89
Elh Kmer,0.1348800915470183,90
Lacraps,0.13527222233900849,91
Sofiane,0.13565630204974255,92
Kemmler,0.1363097363501854,93
Lomepal,0.13635348437448136,94
Benjamin Epps,0.13695215342558154,95
Niaks,0.1369874958568097,96
Ol’ Kainry,0.1374431284183707,97
Davodka,0.13806728838403814,98
Laylow,0.13816237454356606,99
Werenoi,0.13816704745593367,100
Denzo,0.13846084707557926,101
Sinik,0.13891982043563234,102
Beeby,0.1391540433741827,103
​​okis,0.13940981877024983,104
Demi Portion,0.13962935952526667,105
Mister V,0.139987282273061,106
Deen Burbigo,0.14002370363228023,107
Elams,0.14008160250234747,108
Scylla,0.14035953792240075,109
UZI (FRA),0.1411909885875613,110
Kamikaz,0.1418647917284931,111
100 Blaze,0.14251748291613675,112
IAM,0.14311656318313537,113
OrelSan,0.14328432924870904,114
Bosh,0.14344112209930615,115
KaNoé (BEL),0.143588190679949,116
SDM,0.1440998535508008,117
Retro X,0.1447971796403592,118
Cookiesan,0.1448903167086013,119
Youv Dee,0.14505121353967176,120
Sopico,0.1451436741898936,121
F430,0.14542179833546576,122
Lartiste,0.145764587495953,123
Lorenzo,0.145978103862204,124
DTF,0.14778756713733354,125
Moha La Squale,0.14782121141293958,126
Zbig,0.14895623286820214,127
Gambino La MG,0.14901841300921914,128
Sneazzy,0.14910663052027706,129
Booba,0.15001941626570836,130
Furax Barbarossa,0.15021576149022575,131
Rounhaa,0.1503804209847086,132
Joe Lucazz,0.15104644178696536,133
Black M,0.15277858592637394,134
Jorrdee,0.15392572698550622,135
Naza,0.15442729574770586,136
Jazzy Bazz,0.15551188502532265,137
​nelick,0.15659829061683317,138
Damso,0.1574537222779847,139
Youssoupha,0.15834839926283983,140
Guy2Bezbar,0.159100377313946,141
Gambi,0.16047075455697124,142
Dadju,0.16106954529398887,143
Tsew The Kid,0.1611643338355211,144
Younès,0.1616471745028344,145
Suzuya,0.16327270304765706,146
Diddi Trix,0.16342896447523714,147
Hyacinthe,0.16351252144233608,148
47ter,0.16390801379252773,149
S-Pion,0.164078330746659,150
Hippocampe Fou,0.16516343484484097,151
Youri,0.16580046579005447,152
Heuss L’enfoiré,0.1660707989729544,153
Nusky,0.16608495210187535,154
Maska,0.16616359176375317,155
Kalash,0.16630811253412303,156
Rim’K,0.16642891362133616,157
Kodes,0.16775803593857264,158
Soolking,0.16785453397169836,159
Freeze Corleone,0.168101612402208,160
Kery James,0.17041013951403705,161
Rockin’ Squat,0.1715176643301799,162
Disiz,0.17161030635754893,163
Le Juiice,0.17403958140369957,164
Barack,0.17411861698035613,165
JeanJass,0.17455263895823658,166
Alrima,0.17464988444195828,167
Abou Tall,0.17492233405310997,168
Vegedream,0.17560176110152614,169
Volts Face,0.17571565912000553,170
Limsa d’Aulnay,0.17685683870473667,171
Chilla,0.177291871485858,172
Soprano,0.177469154786272,173
VII,0.17968917158785258,174
Moubarak,0.17970959372715734,175
Hamza,0.18145903820988918,176
KeBlack,0.18207792207418372,177
J9ueve,0.1827595152382021,178
USKY,0.1829796098817067,179
Dandyguel,0.18350570440281044,180
Gradur,0.18382549722705477,181
Lycos,0.1839407277117283,182
Eddy de Pretto,0.1841809750778256,183
Busta Flex,0.1861129127541553,184
JNR Slice,0.1861355861905496,185
Gazo,0.18614512083427015,186
Grand Corps Malade,0.1864134926351717,187
Krisy,0.18669787554726414,188
Serane,0.18675295831590155,189
Abou Debeing,0.18770221510838658,190
OBOY,0.18814178958977856,191
Luidji,0.1895623833323017,192
Spider ZED,0.1898655828877317,193
PRIME,0.19137724330844608,194
Still Fresh,0.19138077422550537,195
L’Algérino,0.19205888468893628,196
Lala &ce,0.19241866092289206,197
Prince Waly,0.19359642933325938,198
AM La Scampia,0.19386844642396894,199
MHD,0.1970338141493606,200
Franglish,0.20034137213409786,201
Boostee,0.20071798489907555,202
McFly & Carlito,0.20162265405937796,203
Therapie TAXI,0.20282491384134227,204
Butter Bullets,0.2041661904947365,205
Zuukou Mayzie,0.20607834643439416,206
Ateyaba,0.20755127404734797,207
Luni Sacks,0.20974858171389388,208
Nemir,0.21754828482895672,209
Lonepsi,0.22024412409374894,210
Meryl,0.22288859838758912,211
Moha K,0.22693051077333815,212
MRC,0.22917530658995555,213
Riski,0.2509923365686526,214
Ridsa,0.25372555712130684,215
Odezenne,0.2595946160649891,216
