rep,features,metric,rang_moitie_B,top1,sep_moitie_B
0,mfw,cosine_delta,1,Ziak__moitie_B,-3.28701756577459
0,mfw,burrows_delta,1,Ziak__moitie_B,-2.4929413682404093
0,char,cosine_delta,1,Ziak__moitie_B,-3.7890993655011775
0,char,burrows_delta,1,Ziak__moitie_B,-2.2029068281378694
1,mfw,cosine_delta,1,Ziak__moitie_B,-4.241248652062255
1,mfw,burrows_delta,1,Ziak__moitie_B,-2.9087005179031182
1,char,cosine_delta,1,Ziak__moitie_B,-3.821441098392933
1,char,burrows_delta,2,S-Crew,-2.2380823258437808
2,mfw,cosine_delta,1,Ziak__moitie_B,-3.3262747559551507
2,mfw,burrows_delta,1,Ziak__moitie_B,-2.4984901679661817
2,char,cosine_delta,1,Ziak__moitie_B,-3.767685523573166
2,char,burrows_delta,1,Ziak__moitie_B,-2.5138064261790896
3,mfw,cosine_delta,1,Ziak__moitie_B,-3.842554579385741
3,mfw,burrows_delta,1,Ziak__moitie_B,-2.410230901625645
3,char,cosine_delta,1,Ziak__moitie_B,-4.263797107865278
3,char,burrows_delta,3,L’Animalerie,-1.9894959009144952
4,mfw,cosine_delta,5,Werenoi,-2.7314483874855005
4,mfw,burrows_delta,2,Lacrim,-2.1500528266922805
4,char,cosine_delta,1,Ziak__moitie_B,-3.0726445752230136
4,char,burrows_delta,3,Lacrim,-1.9672366058064246
5,mfw,cosine_delta,1,Ziak__moitie_B,-3.5785509067747254
5,mfw,burrows_delta,1,Ziak__moitie_B,-2.4756917402170715
5,char,cosine_delta,1,Ziak__moitie_B,-3.7199409045712035
5,char,burrows_delta,1,Ziak__moitie_B,-2.2079940061788625
6,mfw,cosine_delta,1,Ziak__moitie_B,-4.23971860812639
6,mfw,burrows_delta,1,Ziak__moitie_B,-2.5136265651414087
6,char,cosine_delta,1,Ziak__moitie_B,-3.9177584993348193
6,char,burrows_delta,5,Zkr,-1.7816387791516017
7,mfw,cosine_delta,1,Ziak__moitie_B,-4.1797533975933465
7,mfw,burrows_delta,1,Ziak__moitie_B,-2.7885592095594323
7,char,cosine_delta,1,Ziak__moitie_B,-4.564167960710798
7,char,burrows_delta,1,Ziak__moitie_B,-2.2481039424377944
8,mfw,cosine_delta,3,ISK,-2.7782984739053393
8,mfw,burrows_delta,2,ISK,-2.2988361090209906
8,char,cosine_delta,1,Ziak__moitie_B,-4.004706768948324
8,char,burrows_delta,3,ISK,-2.0305297275368526
9,mfw,cosine_delta,2,SCH,-3.0996969911153607
9,mfw,burrows_delta,1,Ziak__moitie_B,-2.655179142826005
9,char,cosine_delta,1,Ziak__moitie_B,-4.046809125666824
9,char,burrows_delta,1,Ziak__moitie_B,-2.7207375605760387
10,mfw,cosine_delta,1,Ziak__moitie_B,-3.364015747589737
10,mfw,burrows_delta,1,Ziak__moitie_B,-2.225616073476347
10,char,cosine_delta,1,Ziak__moitie_B,-3.9949546633348416
10,char,burrows_delta,2,Zkr,-2.0234728721344055
11,mfw,cosine_delta,1,Ziak__moitie_B,-3.271368186900019
11,mfw,burrows_delta,5,Zkr,-1.8605781274086717
11,char,cosine_delta,1,Ziak__moitie_B,-3.647141308595264
11,char,burrows_delta,7,Zkr,-1.6959553587473257
12,mfw,cosine_delta,1,Ziak__moitie_B,-3.8931056731441998
12,mfw,burrows_delta,1,Ziak__moitie_B,-3.305739242386099
12,char,cosine_delta,1,Ziak__moitie_B,-4.173609722483117
12,char,burrows_delta,1,Ziak__moitie_B,-2.590107199951671
13,mfw,cosine_delta,1,Ziak__moitie_B,-3.1030180963754286
13,mfw,burrows_delta,1,Ziak__moitie_B,-2.5092194698784978
13,char,cosine_delta,1,Ziak__moitie_B,-3.661382226180722
13,char,burrows_delta,1,Ziak__moitie_B,-2.2283643195287324
14,mfw,cosine_delta,1,Ziak__moitie_B,-3.9554192468929714
14,mfw,burrows_delta,1,Ziak__moitie_B,-3.009227904874154
14,char,cosine_delta,1,Ziak__moitie_B,-4.3897624348857125
14,char,burrows_delta,4,Niro,-1.969269978889347
15,mfw,cosine_delta,1,Ziak__moitie_B,-3.14777756691249
15,mfw,burrows_delta,1,Ziak__moitie_B,-2.0537197665405222
15,char,cosine_delta,1,Ziak__moitie_B,-3.450535821205189
15,char,burrows_delta,1,Ziak__moitie_B,-1.9563971688474404
16,mfw,cosine_delta,1,Ziak__moitie_B,-3.919931959866652
16,mfw,burrows_delta,1,Ziak__moitie_B,-2.276674932533986
16,char,cosine_delta,1,Ziak__moitie_B,-4.635604600530259
16,char,burrows_delta,1,Ziak__moitie_B,-2.269377924588806
17,mfw,cosine_delta,1,Ziak__moitie_B,-3.6751318686404892
17,mfw,burrows_delta,1,Ziak__moitie_B,-2.8212722088986233
17,char,cosine_delta,1,Ziak__moitie_B,-3.7927895577261017
17,char,burrows_delta,1,Ziak__moitie_B,-2.432546352813355
18,mfw,cosine_delta,1,Ziak__moitie_B,-4.077454955839661
18,mfw,burrows_delta,1,Ziak__moitie_B,-2.5991445755893214
18,char,cosine_delta,1,Ziak__moitie_B,-4.567211500030689
18,char,burrows_delta,4,L’Animalerie,-2.0091918855558006
19,mfw,cosine_delta,2,Rimkus,-2.860749666693946
19,mfw,burrows_delta,7,ISK,-1.8553691234413476
19,char,cosine_delta,1,Ziak__moitie_B,-3.3985119639793684
19,char,burrows_delta,1,Ziak__moitie_B,-1.98433495507389
20,mfw,cosine_delta,1,Ziak__moitie_B,-3.7202362750621862
20,mfw,burrows_delta,1,Ziak__moitie_B,-2.628067075391822
20,char,cosine_delta,1,Ziak__moitie_B,-4.002952870022124
20,char,burrows_delta,1,Ziak__moitie_B,-2.1529835503129666
21,mfw,cosine_delta,1,Ziak__moitie_B,-3.9790452061089634
21,mfw,burrows_delta,1,Ziak__moitie_B,-2.6959695871606084
21,char,cosine_delta,1,Ziak__moitie_B,-4.1378855336283955
21,char,burrows_delta,3,L’Animalerie,-1.9674203129403014
22,mfw,cosine_delta,1,Ziak__moitie_B,-3.303710315626121
22,mfw,burrows_delta,1,Ziak__moitie_B,-2.526437712298156
22,char,cosine_delta,1,Ziak__moitie_B,-3.6778592104525156
22,char,burrows_delta,1,Ziak__moitie_B,-2.250225147951705
23,mfw,cosine_delta,1,Ziak__moitie_B,-3.3188132403741877
23,mfw,burrows_delta,1,Ziak__moitie_B,-2.2400199661281883
23,char,cosine_delta,1,Ziak__moitie_B,-3.9005982134766497
23,char,burrows_delta,1,Ziak__moitie_B,-2.1759746288160993
24,mfw,cosine_delta,4,Soso Maness,-2.4311198459139547
24,mfw,burrows_delta,4,Zkr,-1.8015997037467575
24,char,cosine_delta,1,Ziak__moitie_B,-2.859259856870041
24,char,burrows_delta,1,Ziak__moitie_B,-1.9665662090843226
25,mfw,cosine_delta,1,Ziak__moitie_B,-3.8699321512842353
25,mfw,burrows_delta,1,Ziak__moitie_B,-2.450325326721438
25,char,cosine_delta,1,Ziak__moitie_B,-4.639602132036317
25,char,burrows_delta,1,Ziak__moitie_B,-2.8175644058205047
26,mfw,cosine_delta,2,Rimkus,-2.9038592758281436
26,mfw,burrows_delta,2,Zkr,-1.9765205416568261
26,char,cosine_delta,1,Ziak__moitie_B,-3.993201799307393
26,char,burrows_delta,3,Ademo,-1.980877176473998
27,mfw,cosine_delta,1,Ziak__moitie_B,-4.226227570946669
27,mfw,burrows_delta,1,Ziak__moitie_B,-3.0844755201717575
27,char,cosine_delta,1,Ziak__moitie_B,-4.261561262230958
27,char,burrows_delta,1,Ziak__moitie_B,-2.3899515709126127
28,mfw,cosine_delta,1,Ziak__moitie_B,-3.3949031485772885
28,mfw,burrows_delta,1,Ziak__moitie_B,-2.527911413898421
28,char,cosine_delta,1,Ziak__moitie_B,-4.075617482234277
28,char,burrows_delta,1,Ziak__moitie_B,-2.2294708421378933
29,mfw,cosine_delta,2,Rimkus,-3.0347632939978095
29,mfw,burrows_delta,2,Maes,-2.18260513794014
29,char,cosine_delta,1,Ziak__moitie_B,-3.8899021696616543
29,char,burrows_delta,2,Zkr,-2.125220526648015
