compte,titre,projet,date,artiste_piste
7 Jaws,Peaky Blinder,Je vois les couleurs,2021-05-07,7 Jaws
7 Jaws,La belle époque,Je vois les couleurs,2021-05-07,7 Jaws
7 Jaws,Jusqu'à la fin (feat. Vald),Je vois les couleurs,2021-05-07,7 Jaws
7 Jaws,Enfance,Je vois les couleurs,2021-05-07,7 Jaws
7 Jaws,Tchilili,Je vois les couleurs,2021-05-07,7 Jaws
7 Jaws,S Klasse,Je vois les couleurs,2021-05-07,7 Jaws
7 Jaws,Sale état,Je vois les couleurs,2021-05-07,7 Jaws
7 Jaws,Rien n'est grave (feat. Bigflo),Je vois les couleurs,2021-05-07,7 Jaws
7 Jaws,Le couz,Je vois les couleurs,2021-05-07,7 Jaws
7 Jaws,Par le vent,Je vois les couleurs,2021-05-07,7 Jaws
7 Jaws,Le chercheur d'or,Je vois les couleurs,2021-05-07,7 Jaws
7 Jaws,En avant (feat. Captaine Roshi),Je vois les couleurs,2021-05-07,7 Jaws
7 Jaws,L'instant d'après,Je vois les couleurs,2021-05-07,7 Jaws
7 Jaws,Trois,Je vois les couleurs,2021-05-07,7 Jaws
7 Jaws,Là-bas,Je vois les couleurs,2021-05-07,7 Jaws
7 Jaws,Rage,RAGE,2020-02-21,7 Jaws
7 Jaws,Par ici,RAGE,2020-02-21,7 Jaws
7 Jaws,Le vide,RAGE,2020-02-21,7 Jaws
7 Jaws,Téléphone,RAGE,2020-02-21,7 Jaws
7 Jaws,Accro,RAGE,2020-02-21,7 Jaws
7 Jaws,Turbo S,RAGE,2020-02-21,7 Jaws
7 Jaws,Respire,RAGE,2020-02-21,7 Jaws
7 Jaws,C'est promis,RAGE,2020-02-21,7 Jaws
7 Jaws,Block,RAGE,2020-02-21,7 Jaws
7 Jaws,Prochaine fois,RAGE,2020-02-21,7 Jaws
7 Jaws,Sous le regard des anges,Dalton,2020-11-27,7 Jaws
7 Jaws,Shoot,Dalton,2020-11-27,7 Jaws
7 Jaws,Flamme,Dalton,2020-11-27,7 Jaws
7 Jaws,Ça m'régale,Dalton,2020-11-27,7 Jaws
7 Jaws,Courrier (Freestyle RAGE),Courrier (Freestyle RAGE),2020-04-24,7 Jaws
7 Jaws,Tout seul ensemble - La Relève,Tout seul ensemble - La Relève,2019-10-15,7 Jaws
7 Jaws,Regarde Lee,Regarde Lee,2019-05-15,7 Jaws
7 Jaws,ShinChan,ShinChan,2019-02-27,7 Jaws
7 Jaws,Règlement Space #2,Règlement Space #2,2018-11-09,7 Jaws
web7,mon amour,world first,2023-03-03,web7
web7,wifi,world first,2023-03-03,web7
web7,intact,world first,2023-03-03,web7
web7,cry online,world first,2023-03-03,web7
web7,fly for fun,world first,2023-03-03,web7
web7,l'arrivée,world first,2023-03-03,web7
web7,visages,world first,2023-03-03,web7
web7,afk,wizard child,2023-10-20,web7
web7,nous on bosse,wizard child,2023-10-20,web7
web7,pire 2 pire,wizard child,2023-10-20,web7
web7,tout bas,wizard child,2023-10-20,web7
web7,no ui no bullshit (feat. kelaak),wizard child,2023-10-20,web7
web7,7am,wizard child,2023-10-20,web7
