variante,controle,p_valeur
sans featurings ni ad-libs,contrôle : 100 % web7,0.0
sans featurings ni ad-libs,contrôle : 100 % web7,0.0
sans featurings ni ad-libs,contrôle : 100 % web7,0.0075
sans featurings ni ad-libs,contrôle : 100 % web7,0.0
sans featurings ni ad-libs,contrôle : 100 % web7,0.0
sans featurings ni ad-libs,contrôle : 100 % web7,0.0
sans featurings ni ad-libs,contrôle : 100 % web7,0.0
sans featurings ni ad-libs,contrôle : 100 % web7,0.0
sans featurings ni ad-libs,contrôle : 100 % web7,0.0
sans featurings ni ad-libs,contrôle : 100 % web7,0.0
sans featurings ni ad-libs,contrôle : 100 % web7,0.0
sans featurings ni ad-libs,contrôle : 100 % web7,0.0025
sans featurings ni ad-libs,contrôle : 100 % web7,0.0
sans featurings ni ad-libs,contrôle : 100 % web7,0.0
sans featurings ni ad-libs,contrôle : 100 % web7,0.0
sans featurings ni ad-libs,contrôle : 100 % web7,0.0
sans featurings ni ad-libs,contrôle : 100 % web7,0.0
sans featurings ni ad-libs,contrôle : 100 % web7,0.0
sans featurings ni ad-libs,contrôle : 100 % web7,0.0
sans featurings ni ad-libs,contrôle : 100 % web7,0.0
sans featurings ni ad-libs,contrôle : 100 % web7,0.0
sans featurings ni ad-libs,contrôle : 100 % web7,0.0
sans featurings ni ad-libs,contrôle : 100 % web7,0.0
sans featurings ni ad-libs,contrôle : 100 % web7,0.0
sans featurings ni ad-libs,contrôle : 100 % web7,0.0
sans featurings ni ad-libs,contrôle : 100 % web7,0.0
sans featurings ni ad-libs,contrôle : 100 % web7,0.0
sans featurings ni ad-libs,contrôle : 100 % web7,0.0
sans featurings ni ad-libs,contrôle : 100 % web7,0.0
sans featurings ni ad-libs,contrôle : 100 % web7,0.0
sans featurings ni ad-libs,contrôle : 100 % web7,0.0
sans featurings ni ad-libs,contrôle : 100 % web7,0.0
sans featurings ni ad-libs,contrôle : 100 % web7,0.0
sans featurings ni ad-libs,contrôle : 100 % web7,0.0
sans featurings ni ad-libs,contrôle : 100 % web7,0.0
sans featurings ni ad-libs,contrôle : 100 % web7,0.0
sans featurings ni ad-libs,contrôle : 100 % web7,0.0
sans featurings ni ad-libs,contrôle : 100 % web7,0.0
sans featurings ni ad-libs,contrôle : 100 % web7,0.0
sans featurings ni ad-libs,contrôle : 100 % web7,0.0
sans featurings ni ad-libs,contrôle : 100 % web7,0.0
sans featurings ni ad-libs,contrôle : 100 % web7,0.0
sans featurings ni ad-libs,contrôle : 100 % web7,0.0
sans featurings ni ad-libs,contrôle : 100 % web7,0.0
sans featurings ni ad-libs,contrôle : 100 % web7,0.0
sans featurings ni ad-libs,contrôle : 100 % web7,0.0025
sans featurings ni ad-libs,contrôle : 100 % web7,0.0
sans featurings ni ad-libs,contrôle : 100 % web7,0.0
sans featurings ni ad-libs,contrôle : 100 % web7,0.0
sans featurings ni ad-libs,contrôle : 100 % web7,0.0
sans featurings ni ad-libs,contrôle : 100 % web7,0.0
sans featurings ni ad-libs,contrôle : 100 % web7,0.0
sans featurings ni ad-libs,contrôle : 100 % web7,0.0
sans featurings ni ad-libs,contrôle : 100 % web7,0.0
sans featurings ni ad-libs,contrôle : 100 % web7,0.0
sans featurings ni ad-libs,contrôle : 100 % web7,0.0
sans featurings ni ad-libs,contrôle : 100 % web7,0.0
sans featurings ni ad-libs,contrôle : 100 % web7,0.0
sans featurings ni ad-libs,contrôle : 100 % web7,0.0
sans featurings ni ad-libs,contrôle : 100 % web7,0.0
sans featurings ni ad-libs,contrôle : 100 % web7,0.0
sans featurings ni ad-libs,contrôle : 100 % web7,0.0
sans featurings ni ad-libs,contrôle : 100 % web7,0.0
sans featurings ni ad-libs,contrôle : 100 % web7,0.0
sans featurings ni ad-libs,contrôle : 100 % web7,0.0
sans featurings ni ad-libs,contrôle : 100 % web7,0.0
sans featurings ni ad-libs,contrôle : 100 % web7,0.0
sans featurings ni ad-libs,contrôle : 100 % web7,0.0
sans featurings ni ad-libs,contrôle : 100 % web7,0.0
sans featurings ni ad-libs,contrôle : 100 % web7,0.0
sans featurings ni ad-libs,contrôle : 100 % web7,0.0
sans featurings ni ad-libs,contrôle : 100 % web7,0.0
sans featurings ni ad-libs,contrôle : 100 % web7,0.0
sans featurings ni ad-libs,contrôle : 100 % web7,0.0
sans featurings ni ad-libs,contrôle : 100 % web7,0.0
sans featurings ni ad-libs,contrôle : 100 % web7,0.0025
sans featurings ni ad-libs,contrôle : 100 % web7,0.0025
sans featurings ni ad-libs,contrôle : 100 % web7,0.0
sans featurings ni ad-libs,contrôle : 100 % web7,0.0
sans featurings ni ad-libs,contrôle : 100 % web7,0.0
sans featurings ni ad-libs,contrôle : 100 % web7,0.0
sans featurings ni ad-libs,contrôle : 100 % web7,0.0
sans featurings ni ad-libs,contrôle : 100 % web7,0.0
sans featurings ni ad-libs,contrôle : 100 % web7,0.0
sans featurings ni ad-libs,contrôle : 100 % web7,0.0
sans featurings ni ad-libs,contrôle : 100 % web7,0.0
sans featurings ni ad-libs,contrôle : 100 % web7,0.0
sans featurings ni ad-libs,contrôle : 100 % web7,0.0
sans featurings ni ad-libs,contrôle : 100 % web7,0.0
sans featurings ni ad-libs,contrôle : 100 % web7,0.0
sans featurings ni ad-libs,contrôle : 100 % web7,0.0
sans featurings ni ad-libs,contrôle : 100 % web7,0.0
sans featurings ni ad-libs,contrôle : 100 % web7,0.0
sans featurings ni ad-libs,contrôle : 100 % web7,0.0
sans featurings ni ad-libs,contrôle : 100 % web7,0.0
sans featurings ni ad-libs,contrôle : 100 % web7,0.0
sans featurings ni ad-libs,contrôle : 100 % web7,0.0
sans featurings ni ad-libs,contrôle : 100 % web7,0.0
sans featurings ni ad-libs,contrôle : 100 % web7,0.0025
sans featurings ni ad-libs,contrôle : 100 % web7,0.0
sans featurings ni ad-libs,contrôle : 100 % web7,0.0
sans featurings ni ad-libs,contrôle : 100 % web7,0.0
sans featurings ni ad-libs,contrôle : 100 % web7,0.0
sans featurings ni ad-libs,contrôle : 100 % web7,0.0
sans featurings ni ad-libs,contrôle : 100 % web7,0.0
sans featurings ni ad-libs,contrôle : 100 % web7,0.0
sans featurings ni ad-libs,contrôle : 100 % web7,0.0
sans featurings ni ad-libs,contrôle : 100 % web7,0.0
sans featurings ni ad-libs,contrôle : 100 % web7,0.0
sans featurings ni ad-libs,contrôle : 100 % web7,0.0025
sans featurings ni ad-libs,contrôle : 100 % web7,0.0
sans featurings ni ad-libs,contrôle : 100 % web7,0.0
sans featurings ni ad-libs,contrôle : 100 % web7,0.0
sans featurings ni ad-libs,contrôle : 100 % web7,0.0
sans featurings ni ad-libs,contrôle : 100 % web7,0.0
sans featurings ni ad-libs,contrôle : 100 % web7,0.0
sans featurings ni ad-libs,contrôle : 100 % web7,0.0
sans featurings ni ad-libs,contrôle : 100 % web7,0.0
sans featurings ni ad-libs,contrôle : 100 % web7,0.0
sans featurings ni ad-libs,contrôle : 100 % web7,0.0
sans featurings ni ad-libs,contrôle : 100 % web7,0.0
sans featurings ni ad-libs,contrôle : 100 % web7,0.0
sans featurings ni ad-libs,contrôle : 100 % web7,0.0
sans featurings ni ad-libs,contrôle : 100 % web7,0.0
sans featurings ni ad-libs,contrôle : 100 % web7,0.0
sans featurings ni ad-libs,contrôle : 100 % web7,0.0
sans featurings ni ad-libs,contrôle : 100 % web7,0.0
sans featurings ni ad-libs,contrôle : 100 % web7,0.0
sans featurings ni ad-libs,contrôle : 100 % web7,0.0
sans featurings ni ad-libs,contrôle : 100 % web7,0.0125
sans featurings ni ad-libs,contrôle : 100 % web7,0.0
sans featurings ni ad-libs,contrôle : 100 % web7,0.0
sans featurings ni ad-libs,contrôle : 100 % web7,0.0
sans featurings ni ad-libs,contrôle : 100 % web7,0.0
sans featurings ni ad-libs,contrôle : 100 % web7,0.0
sans featurings ni ad-libs,contrôle : 100 % web7,0.0
sans featurings ni ad-libs,contrôle : 100 % web7,0.0
sans featurings ni ad-libs,contrôle : 100 % web7,0.0
sans featurings ni ad-libs,contrôle : 100 % web7,0.0
sans featurings ni ad-libs,contrôle : 100 % web7,0.0
sans featurings ni ad-libs,contrôle : 100 % web7,0.0
sans featurings ni ad-libs,contrôle : 100 % web7,0.0
sans featurings ni ad-libs,contrôle : 100 % web7,0.0
sans featurings ni ad-libs,contrôle : 100 % web7,0.0
sans featurings ni ad-libs,contrôle : 100 % web7,0.0
sans featurings ni ad-libs,contrôle : 100 % web7,0.0
sans featurings ni ad-libs,contrôle : 100 % web7,0.0
sans featurings ni ad-libs,contrôle : 100 % web7,0.0
sans featurings ni ad-libs,contrôle : 100 % web7,0.0
sans featurings ni ad-libs,contrôle : 100 % web7,0.0
sans featurings ni ad-libs,contrôle : 100 % web7,0.0
sans featurings ni ad-libs,contrôle : 100 % web7,0.0
sans featurings ni ad-libs,contrôle : 100 % web7,0.0
sans featurings ni ad-libs,contrôle : 100 % web7,0.0
sans featurings ni ad-libs,contrôle : 100 % web7,0.0
sans featurings ni ad-libs,contrôle : 100 % web7,0.0
sans featurings ni ad-libs,contrôle : 100 % web7,0.0
sans featurings ni ad-libs,contrôle : 100 % web7,0.0
sans featurings ni ad-libs,contrôle : 100 % web7,0.0
sans featurings ni ad-libs,contrôle : 100 % web7,0.0
sans featurings ni ad-libs,contrôle : 100 % web7,0.0
sans featurings ni ad-libs,contrôle : 100 % web7,0.0
sans featurings ni ad-libs,contrôle : 100 % web7,0.0
sans featurings ni ad-libs,contrôle : 100 % web7,0.0
sans featurings ni ad-libs,contrôle : 100 % web7,0.0
sans featurings ni ad-libs,contrôle : 100 % web7,0.0
sans featurings ni ad-libs,contrôle : 100 % web7,0.0
sans featurings ni ad-libs,contrôle : 100 % web7,0.0
sans featurings ni ad-libs,contrôle : 100 % web7,0.0
sans featurings ni ad-libs,contrôle : 100 % web7,0.0
sans featurings ni ad-libs,contrôle : 100 % web7,0.0
sans featurings ni ad-libs,contrôle : 100 % web7,0.0
sans featurings ni ad-libs,contrôle : 100 % web7,0.0
sans featurings ni ad-libs,contrôle : 100 % web7,0.0
sans featurings ni ad-libs,contrôle : 100 % web7,0.0
sans featurings ni ad-libs,contrôle : 100 % web7,0.0
sans featurings ni ad-libs,contrôle : 100 % web7,0.0
sans featurings ni ad-libs,contrôle : 100 % web7,0.0
sans featurings ni ad-libs,contrôle : 100 % web7,0.0
sans featurings ni ad-libs,contrôle : 100 % web7,0.0
sans featurings ni ad-libs,contrôle : 100 % web7,0.0
sans featurings ni ad-libs,contrôle : 100 % web7,0.0
sans featurings ni ad-libs,contrôle : 100 % web7,0.0
sans featurings ni ad-libs,contrôle : 100 % web7,0.0025
sans featurings ni ad-libs,contrôle : 100 % web7,0.0
sans featurings ni ad-libs,contrôle : 100 % web7,0.0
sans featurings ni ad-libs,contrôle : 100 % web7,0.0
sans featurings ni ad-libs,contrôle : 100 % web7,0.0
sans featurings ni ad-libs,contrôle : 100 % web7,0.0
sans featurings ni ad-libs,contrôle : 100 % web7,0.0
sans featurings ni ad-libs,contrôle : 100 % web7,0.0
sans featurings ni ad-libs,contrôle : 100 % web7,0.0
sans featurings ni ad-libs,contrôle : 100 % web7,0.0
sans featurings ni ad-libs,contrôle : 100 % web7,0.0
sans featurings ni ad-libs,contrôle : 100 % web7,0.0
sans featurings ni ad-libs,contrôle : 100 % web7,0.0
sans featurings ni ad-libs,contrôle : 100 % web7,0.0
sans featurings ni ad-libs,contrôle : 100 % web7,0.0
sans featurings ni ad-libs,contrôle : 100 % web7,0.0
sans featurings ni ad-libs,contrôle : 100 % web7,0.0
sans featurings ni ad-libs,contrôle : 50 % web7,0.0
sans featurings ni ad-libs,contrôle : 50 % web7,0.0
sans featurings ni ad-libs,contrôle : 50 % web7,0.0125
sans featurings ni ad-libs,contrôle : 50 % web7,0.025
sans featurings ni ad-libs,contrôle : 50 % web7,0.0525
sans featurings ni ad-libs,contrôle : 50 % web7,0.055
sans featurings ni ad-libs,contrôle : 50 % web7,0.0
sans featurings ni ad-libs,contrôle : 50 % web7,0.0075
sans featurings ni ad-libs,contrôle : 50 % web7,0.0
sans featurings ni ad-libs,contrôle : 50 % web7,0.0
sans featurings ni ad-libs,contrôle : 50 % web7,0.0
sans featurings ni ad-libs,contrôle : 50 % web7,0.0025
sans featurings ni ad-libs,contrôle : 50 % web7,0.0475
sans featurings ni ad-libs,contrôle : 50 % web7,0.045
sans featurings ni ad-libs,contrôle : 50 % web7,0.0125
sans featurings ni ad-libs,contrôle : 50 % web7,0.0
sans featurings ni ad-libs,contrôle : 50 % web7,0.0475
sans featurings ni ad-libs,contrôle : 50 % web7,0.0075
sans featurings ni ad-libs,contrôle : 50 % web7,0.005
sans featurings ni ad-libs,contrôle : 50 % web7,0.0375
sans featurings ni ad-libs,contrôle : 50 % web7,0.19
sans featurings ni ad-libs,contrôle : 50 % web7,0.0025
sans featurings ni ad-libs,contrôle : 50 % web7,0.11
sans featurings ni ad-libs,contrôle : 50 % web7,0.0
sans featurings ni ad-libs,contrôle : 50 % web7,0.0075
sans featurings ni ad-libs,contrôle : 50 % web7,0.0
sans featurings ni ad-libs,contrôle : 50 % web7,0.0025
sans featurings ni ad-libs,contrôle : 50 % web7,0.0
sans featurings ni ad-libs,contrôle : 50 % web7,0.0
sans featurings ni ad-libs,contrôle : 50 % web7,0.0
sans featurings ni ad-libs,contrôle : 50 % web7,0.01
sans featurings ni ad-libs,contrôle : 50 % web7,0.1075
sans featurings ni ad-libs,contrôle : 50 % web7,0.0
sans featurings ni ad-libs,contrôle : 50 % web7,0.0575
sans featurings ni ad-libs,contrôle : 50 % web7,0.0
sans featurings ni ad-libs,contrôle : 50 % web7,0.0
sans featurings ni ad-libs,contrôle : 50 % web7,0.0
sans featurings ni ad-libs,contrôle : 50 % web7,0.0
sans featurings ni ad-libs,contrôle : 50 % web7,0.0
sans featurings ni ad-libs,contrôle : 50 % web7,0.01
sans featurings ni ad-libs,contrôle : 50 % web7,0.0
sans featurings ni ad-libs,contrôle : 50 % web7,0.0
sans featurings ni ad-libs,contrôle : 50 % web7,0.0
sans featurings ni ad-libs,contrôle : 50 % web7,0.0
sans featurings ni ad-libs,contrôle : 50 % web7,0.0
sans featurings ni ad-libs,contrôle : 50 % web7,0.0025
sans featurings ni ad-libs,contrôle : 50 % web7,0.15
sans featurings ni ad-libs,contrôle : 50 % web7,0.005
sans featurings ni ad-libs,contrôle : 50 % web7,0.0
sans featurings ni ad-libs,contrôle : 50 % web7,0.0825
sans featurings ni ad-libs,contrôle : 50 % web7,0.0
sans featurings ni ad-libs,contrôle : 50 % web7,0.08
sans featurings ni ad-libs,contrôle : 50 % web7,0.0
sans featurings ni ad-libs,contrôle : 50 % web7,0.0
sans featurings ni ad-libs,contrôle : 50 % web7,0.0
sans featurings ni ad-libs,contrôle : 50 % web7,0.0
sans featurings ni ad-libs,contrôle : 50 % web7,0.0
sans featurings ni ad-libs,contrôle : 50 % web7,0.0
sans featurings ni ad-libs,contrôle : 50 % web7,0.0
sans featurings ni ad-libs,contrôle : 50 % web7,0.0
sans featurings ni ad-libs,contrôle : 50 % web7,0.0075
sans featurings ni ad-libs,contrôle : 50 % web7,0.005
sans featurings ni ad-libs,contrôle : 50 % web7,0.0025
sans featurings ni ad-libs,contrôle : 50 % web7,0.0
sans featurings ni ad-libs,contrôle : 50 % web7,0.0025
sans featurings ni ad-libs,contrôle : 50 % web7,0.0
sans featurings ni ad-libs,contrôle : 50 % web7,0.3325
sans featurings ni ad-libs,contrôle : 50 % web7,0.0125
sans featurings ni ad-libs,contrôle : 50 % web7,0.0
sans featurings ni ad-libs,contrôle : 50 % web7,0.0025
sans featurings ni ad-libs,contrôle : 50 % web7,0.0175
sans featurings ni ad-libs,contrôle : 50 % web7,0.0
sans featurings ni ad-libs,contrôle : 50 % web7,0.0
sans featurings ni ad-libs,contrôle : 50 % web7,0.0225
sans featurings ni ad-libs,contrôle : 50 % web7,0.0075
sans featurings ni ad-libs,contrôle : 50 % web7,0.135
sans featurings ni ad-libs,contrôle : 50 % web7,0.0
sans featurings ni ad-libs,contrôle : 50 % web7,0.05
sans featurings ni ad-libs,contrôle : 50 % web7,0.0425
sans featurings ni ad-libs,contrôle : 50 % web7,0.0025
sans featurings ni ad-libs,contrôle : 50 % web7,0.0
sans featurings ni ad-libs,contrôle : 50 % web7,0.01
sans featurings ni ad-libs,contrôle : 50 % web7,0.0375
sans featurings ni ad-libs,contrôle : 50 % web7,0.135
sans featurings ni ad-libs,contrôle : 50 % web7,0.125
sans featurings ni ad-libs,contrôle : 50 % web7,0.0
sans featurings ni ad-libs,contrôle : 50 % web7,0.025
sans featurings ni ad-libs,contrôle : 50 % web7,0.0025
sans featurings ni ad-libs,contrôle : 50 % web7,0.0025
sans featurings ni ad-libs,contrôle : 50 % web7,0.0
sans featurings ni ad-libs,contrôle : 50 % web7,0.0175
sans featurings ni ad-libs,contrôle : 50 % web7,0.0
sans featurings ni ad-libs,contrôle : 50 % web7,0.0
sans featurings ni ad-libs,contrôle : 50 % web7,0.015
sans featurings ni ad-libs,contrôle : 50 % web7,0.325
sans featurings ni ad-libs,contrôle : 50 % web7,0.02
sans featurings ni ad-libs,contrôle : 50 % web7,0.0
sans featurings ni ad-libs,contrôle : 50 % web7,0.035
sans featurings ni ad-libs,contrôle : 50 % web7,0.0075
sans featurings ni ad-libs,contrôle : 50 % web7,0.02
sans featurings ni ad-libs,contrôle : 50 % web7,0.0
sans featurings ni ad-libs,contrôle : 50 % web7,0.115
sans featurings ni ad-libs,contrôle : 50 % web7,0.095
sans featurings ni ad-libs,contrôle : 50 % web7,0.0
sans featurings ni ad-libs,contrôle : 50 % web7,0.01
sans featurings ni ad-libs,contrôle : 50 % web7,0.005
sans featurings ni ad-libs,contrôle : 50 % web7,0.0725
sans featurings ni ad-libs,contrôle : 50 % web7,0.02
sans featurings ni ad-libs,contrôle : 50 % web7,0.0025
sans featurings ni ad-libs,contrôle : 50 % web7,0.0
sans featurings ni ad-libs,contrôle : 50 % web7,0.0
sans featurings ni ad-libs,contrôle : 50 % web7,0.005
sans featurings ni ad-libs,contrôle : 50 % web7,0.0
sans featurings ni ad-libs,contrôle : 50 % web7,0.0
sans featurings ni ad-libs,contrôle : 50 % web7,0.0125
sans featurings ni ad-libs,contrôle : 50 % web7,0.0
sans featurings ni ad-libs,contrôle : 50 % web7,0.0
sans featurings ni ad-libs,contrôle : 50 % web7,0.0
sans featurings ni ad-libs,contrôle : 50 % web7,0.005
sans featurings ni ad-libs,contrôle : 50 % web7,0.0125
sans featurings ni ad-libs,contrôle : 50 % web7,0.0
sans featurings ni ad-libs,contrôle : 50 % web7,0.0
sans featurings ni ad-libs,contrôle : 50 % web7,0.0625
sans featurings ni ad-libs,contrôle : 50 % web7,0.1775
sans featurings ni ad-libs,contrôle : 50 % web7,0.0
sans featurings ni ad-libs,contrôle : 50 % web7,0.0
sans featurings ni ad-libs,contrôle : 50 % web7,0.585
sans featurings ni ad-libs,contrôle : 50 % web7,0.0
sans featurings ni ad-libs,contrôle : 50 % web7,0.005
sans featurings ni ad-libs,contrôle : 50 % web7,0.0125
sans featurings ni ad-libs,contrôle : 50 % web7,0.0025
sans featurings ni ad-libs,contrôle : 50 % web7,0.1
sans featurings ni ad-libs,contrôle : 50 % web7,0.33
sans featurings ni ad-libs,contrôle : 50 % web7,0.0
sans featurings ni ad-libs,contrôle : 50 % web7,0.11
sans featurings ni ad-libs,contrôle : 50 % web7,0.0175
sans featurings ni ad-libs,contrôle : 50 % web7,0.0025
sans featurings ni ad-libs,contrôle : 50 % web7,0.0
sans featurings ni ad-libs,contrôle : 50 % web7,0.2025
sans featurings ni ad-libs,contrôle : 50 % web7,0.0125
sans featurings ni ad-libs,contrôle : 50 % web7,0.0
sans featurings ni ad-libs,contrôle : 50 % web7,0.28
sans featurings ni ad-libs,contrôle : 50 % web7,0.005
sans featurings ni ad-libs,contrôle : 50 % web7,0.08
sans featurings ni ad-libs,contrôle : 50 % web7,0.0
sans featurings ni ad-libs,contrôle : 50 % web7,0.0025
sans featurings ni ad-libs,contrôle : 50 % web7,0.0
sans featurings ni ad-libs,contrôle : 50 % web7,0.0
sans featurings ni ad-libs,contrôle : 50 % web7,0.0
sans featurings ni ad-libs,contrôle : 50 % web7,0.1625
sans featurings ni ad-libs,contrôle : 50 % web7,0.005
sans featurings ni ad-libs,contrôle : 50 % web7,0.0075
sans featurings ni ad-libs,contrôle : 50 % web7,0.3225
sans featurings ni ad-libs,contrôle : 50 % web7,0.1725
sans featurings ni ad-libs,contrôle : 50 % web7,0.0
sans featurings ni ad-libs,contrôle : 50 % web7,0.0025
sans featurings ni ad-libs,contrôle : 50 % web7,0.0325
sans featurings ni ad-libs,contrôle : 50 % web7,0.0125
sans featurings ni ad-libs,contrôle : 50 % web7,0.0
sans featurings ni ad-libs,contrôle : 50 % web7,0.0025
sans featurings ni ad-libs,contrôle : 50 % web7,0.02
sans featurings ni ad-libs,contrôle : 50 % web7,0.0
sans featurings ni ad-libs,contrôle : 50 % web7,0.04
sans featurings ni ad-libs,contrôle : 50 % web7,0.0075
sans featurings ni ad-libs,contrôle : 50 % web7,0.0
sans featurings ni ad-libs,contrôle : 50 % web7,0.0025
sans featurings ni ad-libs,contrôle : 50 % web7,0.01
sans featurings ni ad-libs,contrôle : 50 % web7,0.0
sans featurings ni ad-libs,contrôle : 50 % web7,0.14
sans featurings ni ad-libs,contrôle : 50 % web7,0.0
sans featurings ni ad-libs,contrôle : 50 % web7,0.005
sans featurings ni ad-libs,contrôle : 50 % web7,0.0
sans featurings ni ad-libs,contrôle : 50 % web7,0.52
sans featurings ni ad-libs,contrôle : 50 % web7,0.0
sans featurings ni ad-libs,contrôle : 50 % web7,0.015
sans featurings ni ad-libs,contrôle : 50 % web7,0.0
sans featurings ni ad-libs,contrôle : 50 % web7,0.0
sans featurings ni ad-libs,contrôle : 50 % web7,0.0
sans featurings ni ad-libs,contrôle : 50 % web7,0.0375
sans featurings ni ad-libs,contrôle : 50 % web7,0.0
sans featurings ni ad-libs,contrôle : 50 % web7,0.005
sans featurings ni ad-libs,contrôle : 50 % web7,0.0
sans featurings ni ad-libs,contrôle : 50 % web7,0.0
sans featurings ni ad-libs,contrôle : 50 % web7,0.0
sans featurings ni ad-libs,contrôle : 50 % web7,0.0425
sans featurings ni ad-libs,contrôle : 50 % web7,0.0
sans featurings ni ad-libs,contrôle : 50 % web7,0.0025
sans featurings ni ad-libs,contrôle : 50 % web7,0.0675
sans featurings ni ad-libs,contrôle : 50 % web7,0.0025
sans featurings ni ad-libs,contrôle : 50 % web7,0.0
sans featurings ni ad-libs,contrôle : 50 % web7,0.02
sans featurings ni ad-libs,contrôle : 50 % web7,0.0
sans featurings ni ad-libs,contrôle : 50 % web7,0.0
sans featurings ni ad-libs,contrôle : 50 % web7,0.0075
sans featurings ni ad-libs,contrôle : 50 % web7,0.1775
sans featurings ni ad-libs,contrôle : 50 % web7,0.035
sans featurings ni ad-libs,contrôle : 50 % web7,0.0
sans featurings ni ad-libs,contrôle : 50 % web7,0.0
sans featurings ni ad-libs,contrôle : 50 % web7,0.0
sans featurings ni ad-libs,contrôle : 50 % web7,0.0
sans featurings,contrôle : 100 % web7,0.0
sans featurings,contrôle : 100 % web7,0.0
sans featurings,contrôle : 100 % web7,0.0
sans featurings,contrôle : 100 % web7,0.0
sans featurings,contrôle : 100 % web7,0.0
sans featurings,contrôle : 100 % web7,0.0
sans featurings,contrôle : 100 % web7,0.0
sans featurings,contrôle : 100 % web7,0.0
sans featurings,contrôle : 100 % web7,0.0
sans featurings,contrôle : 100 % web7,0.0
sans featurings,contrôle : 100 % web7,0.0
sans featurings,contrôle : 100 % web7,0.0
sans featurings,contrôle : 100 % web7,0.0
sans featurings,contrôle : 100 % web7,0.0
sans featurings,contrôle : 100 % web7,0.0
sans featurings,contrôle : 100 % web7,0.0
sans featurings,contrôle : 100 % web7,0.0
sans featurings,contrôle : 100 % web7,0.0
sans featurings,contrôle : 100 % web7,0.0
sans featurings,contrôle : 100 % web7,0.0
sans featurings,contrôle : 100 % web7,0.0
sans featurings,contrôle : 100 % web7,0.0
sans featurings,contrôle : 100 % web7,0.0
sans featurings,contrôle : 100 % web7,0.0
sans featurings,contrôle : 100 % web7,0.0
sans featurings,contrôle : 100 % web7,0.0
sans featurings,contrôle : 100 % web7,0.0
sans featurings,contrôle : 100 % web7,0.0
sans featurings,contrôle : 100 % web7,0.0
sans featurings,contrôle : 100 % web7,0.005
sans featurings,contrôle : 100 % web7,0.0
sans featurings,contrôle : 100 % web7,0.0
sans featurings,contrôle : 100 % web7,0.0
sans featurings,contrôle : 100 % web7,0.0
sans featurings,contrôle : 100 % web7,0.0
sans featurings,contrôle : 100 % web7,0.0
sans featurings,contrôle : 100 % web7,0.0
sans featurings,contrôle : 100 % web7,0.0
sans featurings,contrôle : 100 % web7,0.0
sans featurings,contrôle : 100 % web7,0.0
sans featurings,contrôle : 100 % web7,0.0
sans featurings,contrôle : 100 % web7,0.0
sans featurings,contrôle : 100 % web7,0.0
sans featurings,contrôle : 100 % web7,0.0
sans featurings,contrôle : 100 % web7,0.0
sans featurings,contrôle : 100 % web7,0.0
sans featurings,contrôle : 100 % web7,0.0
sans featurings,contrôle : 100 % web7,0.0
sans featurings,contrôle : 100 % web7,0.0
sans featurings,contrôle : 100 % web7,0.0
sans featurings,contrôle : 100 % web7,0.0
sans featurings,contrôle : 100 % web7,0.0
sans featurings,contrôle : 100 % web7,0.0
sans featurings,contrôle : 100 % web7,0.0
sans featurings,contrôle : 100 % web7,0.0
sans featurings,contrôle : 100 % web7,0.0
sans featurings,contrôle : 100 % web7,0.0
sans featurings,contrôle : 100 % web7,0.0
sans featurings,contrôle : 100 % web7,0.0
sans featurings,contrôle : 100 % web7,0.0
sans featurings,contrôle : 100 % web7,0.0
sans featurings,contrôle : 100 % web7,0.0
sans featurings,contrôle : 100 % web7,0.0
sans featurings,contrôle : 100 % web7,0.0
sans featurings,contrôle : 100 % web7,0.0
sans featurings,contrôle : 100 % web7,0.0
sans featurings,contrôle : 100 % web7,0.0
sans featurings,contrôle : 100 % web7,0.0
sans featurings,contrôle : 100 % web7,0.0
sans featurings,contrôle : 100 % web7,0.0
sans featurings,contrôle : 100 % web7,0.0
sans featurings,contrôle : 100 % web7,0.0
sans featurings,contrôle : 100 % web7,0.0
sans featurings,contrôle : 100 % web7,0.0
sans featurings,contrôle : 100 % web7,0.0
sans featurings,contrôle : 100 % web7,0.0
sans featurings,contrôle : 100 % web7,0.0
sans featurings,contrôle : 100 % web7,0.015
sans featurings,contrôle : 100 % web7,0.0
sans featurings,contrôle : 100 % web7,0.0
sans featurings,contrôle : 100 % web7,0.0
sans featurings,contrôle : 100 % web7,0.0
sans featurings,contrôle : 100 % web7,0.0
sans featurings,contrôle : 100 % web7,0.0
sans featurings,contrôle : 100 % web7,0.0
sans featurings,contrôle : 100 % web7,0.0
sans featurings,contrôle : 100 % web7,0.0
sans featurings,contrôle : 100 % web7,0.0
sans featurings,contrôle : 100 % web7,0.0
sans featurings,contrôle : 100 % web7,0.0
sans featurings,contrôle : 100 % web7,0.0
sans featurings,contrôle : 100 % web7,0.0
sans featurings,contrôle : 100 % web7,0.0
sans featurings,contrôle : 100 % web7,0.0
sans featurings,contrôle : 100 % web7,0.0
sans featurings,contrôle : 100 % web7,0.0
sans featurings,contrôle : 100 % web7,0.01
sans featurings,contrôle : 100 % web7,0.0
sans featurings,contrôle : 100 % web7,0.0
sans featurings,contrôle : 100 % web7,0.0
sans featurings,contrôle : 100 % web7,0.0
sans featurings,contrôle : 100 % web7,0.0
sans featurings,contrôle : 100 % web7,0.0
sans featurings,contrôle : 100 % web7,0.0
sans featurings,contrôle : 100 % web7,0.0
sans featurings,contrôle : 100 % web7,0.0
sans featurings,contrôle : 100 % web7,0.0
sans featurings,contrôle : 100 % web7,0.0
sans featurings,contrôle : 100 % web7,0.0
sans featurings,contrôle : 100 % web7,0.0
sans featurings,contrôle : 100 % web7,0.0
sans featurings,contrôle : 100 % web7,0.0
sans featurings,contrôle : 100 % web7,0.0
sans featurings,contrôle : 100 % web7,0.0
sans featurings,contrôle : 100 % web7,0.0
sans featurings,contrôle : 100 % web7,0.0
sans featurings,contrôle : 100 % web7,0.0
sans featurings,contrôle : 100 % web7,0.0
sans featurings,contrôle : 100 % web7,0.0
sans featurings,contrôle : 100 % web7,0.0
sans featurings,contrôle : 100 % web7,0.0
sans featurings,contrôle : 100 % web7,0.0
sans featurings,contrôle : 100 % web7,0.0025
sans featurings,contrôle : 100 % web7,0.0
sans featurings,contrôle : 100 % web7,0.0
sans featurings,contrôle : 100 % web7,0.0
sans featurings,contrôle : 100 % web7,0.0
sans featurings,contrôle : 100 % web7,0.0
sans featurings,contrôle : 100 % web7,0.0
sans featurings,contrôle : 100 % web7,0.0
sans featurings,contrôle : 100 % web7,0.0
sans featurings,contrôle : 100 % web7,0.0
sans featurings,contrôle : 100 % web7,0.0
sans featurings,contrôle : 100 % web7,0.0
sans featurings,contrôle : 100 % web7,0.0
sans featurings,contrôle : 100 % web7,0.0
sans featurings,contrôle : 100 % web7,0.0
sans featurings,contrôle : 100 % web7,0.0
sans featurings,contrôle : 100 % web7,0.0
sans featurings,contrôle : 100 % web7,0.0
sans featurings,contrôle : 100 % web7,0.0
sans featurings,contrôle : 100 % web7,0.0
sans featurings,contrôle : 100 % web7,0.0
sans featurings,contrôle : 100 % web7,0.0
sans featurings,contrôle : 100 % web7,0.0
sans featurings,contrôle : 100 % web7,0.0
sans featurings,contrôle : 100 % web7,0.0
sans featurings,contrôle : 100 % web7,0.0
sans featurings,contrôle : 100 % web7,0.0
sans featurings,contrôle : 100 % web7,0.0
sans featurings,contrôle : 100 % web7,0.0
sans featurings,contrôle : 100 % web7,0.0
sans featurings,contrôle : 100 % web7,0.0
sans featurings,contrôle : 100 % web7,0.0
sans featurings,contrôle : 100 % web7,0.0
sans featurings,contrôle : 100 % web7,0.0
sans featurings,contrôle : 100 % web7,0.0
sans featurings,contrôle : 100 % web7,0.0
sans featurings,contrôle : 100 % web7,0.0
sans featurings,contrôle : 100 % web7,0.0
sans featurings,contrôle : 100 % web7,0.0
sans featurings,contrôle : 100 % web7,0.0
sans featurings,contrôle : 100 % web7,0.0925
sans featurings,contrôle : 100 % web7,0.0
sans featurings,contrôle : 100 % web7,0.0
sans featurings,contrôle : 100 % web7,0.0
sans featurings,contrôle : 100 % web7,0.0
sans featurings,contrôle : 100 % web7,0.0
sans featurings,contrôle : 100 % web7,0.0
sans featurings,contrôle : 100 % web7,0.0
sans featurings,contrôle : 100 % web7,0.0
sans featurings,contrôle : 100 % web7,0.0
sans featurings,contrôle : 100 % web7,0.0
sans featurings,contrôle : 100 % web7,0.0
sans featurings,contrôle : 100 % web7,0.0
sans featurings,contrôle : 100 % web7,0.0
sans featurings,contrôle : 100 % web7,0.0
sans featurings,contrôle : 100 % web7,0.0
sans featurings,contrôle : 100 % web7,0.0
sans featurings,contrôle : 100 % web7,0.0
sans featurings,contrôle : 100 % web7,0.0
sans featurings,contrôle : 100 % web7,0.0
sans featurings,contrôle : 100 % web7,0.0
sans featurings,contrôle : 100 % web7,0.0
sans featurings,contrôle : 100 % web7,0.0
sans featurings,contrôle : 100 % web7,0.0
sans featurings,contrôle : 100 % web7,0.0
sans featurings,contrôle : 100 % web7,0.0
sans featurings,contrôle : 100 % web7,0.0
sans featurings,contrôle : 100 % web7,0.0
sans featurings,contrôle : 100 % web7,0.0
sans featurings,contrôle : 100 % web7,0.0
sans featurings,contrôle : 100 % web7,0.0
sans featurings,contrôle : 100 % web7,0.0
sans featurings,contrôle : 100 % web7,0.0
sans featurings,contrôle : 100 % web7,0.0
sans featurings,contrôle : 100 % web7,0.0
sans featurings,contrôle : 100 % web7,0.0
sans featurings,contrôle : 100 % web7,0.0
sans featurings,contrôle : 100 % web7,0.0
sans featurings,contrôle : 50 % web7,0.0
sans featurings,contrôle : 50 % web7,0.01
sans featurings,contrôle : 50 % web7,0.0175
sans featurings,contrôle : 50 % web7,0.0
sans featurings,contrôle : 50 % web7,0.015
sans featurings,contrôle : 50 % web7,0.0125
sans featurings,contrôle : 50 % web7,0.02
sans featurings,contrôle : 50 % web7,0.0
sans featurings,contrôle : 50 % web7,0.0425
sans featurings,contrôle : 50 % web7,0.0025
sans featurings,contrôle : 50 % web7,0.0075
sans featurings,contrôle : 50 % web7,0.0
sans featurings,contrôle : 50 % web7,0.0875
sans featurings,contrôle : 50 % web7,0.1525
sans featurings,contrôle : 50 % web7,0.0375
sans featurings,contrôle : 50 % web7,0.0
sans featurings,contrôle : 50 % web7,0.1
sans featurings,contrôle : 50 % web7,0.0225
sans featurings,contrôle : 50 % web7,0.2775
sans featurings,contrôle : 50 % web7,0.005
sans featurings,contrôle : 50 % web7,0.0
sans featurings,contrôle : 50 % web7,0.0075
sans featurings,contrôle : 50 % web7,0.0025
sans featurings,contrôle : 50 % web7,0.0025
sans featurings,contrôle : 50 % web7,0.0275
sans featurings,contrôle : 50 % web7,0.03
sans featurings,contrôle : 50 % web7,0.01
sans featurings,contrôle : 50 % web7,0.0
sans featurings,contrôle : 50 % web7,0.0475
sans featurings,contrôle : 50 % web7,0.0
sans featurings,contrôle : 50 % web7,0.0
sans featurings,contrôle : 50 % web7,0.0025
sans featurings,contrôle : 50 % web7,0.0775
sans featurings,contrôle : 50 % web7,0.0
sans featurings,contrôle : 50 % web7,0.1625
sans featurings,contrôle : 50 % web7,0.0025
sans featurings,contrôle : 50 % web7,0.0
sans featurings,contrôle : 50 % web7,0.0
sans featurings,contrôle : 50 % web7,0.0
sans featurings,contrôle : 50 % web7,0.0175
sans featurings,contrôle : 50 % web7,0.005
sans featurings,contrôle : 50 % web7,0.0225
sans featurings,contrôle : 50 % web7,0.0
sans featurings,contrôle : 50 % web7,0.0
sans featurings,contrôle : 50 % web7,0.0275
sans featurings,contrôle : 50 % web7,0.035
sans featurings,contrôle : 50 % web7,0.025
sans featurings,contrôle : 50 % web7,0.125
sans featurings,contrôle : 50 % web7,0.0025
sans featurings,contrôle : 50 % web7,0.0
sans featurings,contrôle : 50 % web7,0.365
sans featurings,contrôle : 50 % web7,0.0025
sans featurings,contrôle : 50 % web7,0.0
sans featurings,contrôle : 50 % web7,0.0
sans featurings,contrôle : 50 % web7,0.0
sans featurings,contrôle : 50 % web7,0.0
sans featurings,contrôle : 50 % web7,0.0
sans featurings,contrôle : 50 % web7,0.0
sans featurings,contrôle : 50 % web7,0.0
sans featurings,contrôle : 50 % web7,0.0
sans featurings,contrôle : 50 % web7,0.1075
sans featurings,contrôle : 50 % web7,0.0
sans featurings,contrôle : 50 % web7,0.0
sans featurings,contrôle : 50 % web7,0.0
sans featurings,contrôle : 50 % web7,0.0
sans featurings,contrôle : 50 % web7,0.0
sans featurings,contrôle : 50 % web7,0.0
sans featurings,contrôle : 50 % web7,0.0
sans featurings,contrôle : 50 % web7,0.155
sans featurings,contrôle : 50 % web7,0.105
sans featurings,contrôle : 50 % web7,0.0
sans featurings,contrôle : 50 % web7,0.0375
sans featurings,contrôle : 50 % web7,0.0125
sans featurings,contrôle : 50 % web7,0.0
sans featurings,contrôle : 50 % web7,0.0075
sans featurings,contrôle : 50 % web7,0.0025
sans featurings,contrôle : 50 % web7,0.0025
sans featurings,contrôle : 50 % web7,0.0
sans featurings,contrôle : 50 % web7,0.0
sans featurings,contrôle : 50 % web7,0.0
sans featurings,contrôle : 50 % web7,0.0525
sans featurings,contrôle : 50 % web7,0.0675
sans featurings,contrôle : 50 % web7,0.055
sans featurings,contrôle : 50 % web7,0.035
sans featurings,contrôle : 50 % web7,0.0
sans featurings,contrôle : 50 % web7,0.0
sans featurings,contrôle : 50 % web7,0.0125
sans featurings,contrôle : 50 % web7,0.01
sans featurings,contrôle : 50 % web7,0.26
sans featurings,contrôle : 50 % web7,0.0125
sans featurings,contrôle : 50 % web7,0.0625
sans featurings,contrôle : 50 % web7,0.015
sans featurings,contrôle : 50 % web7,0.05
sans featurings,contrôle : 50 % web7,0.0
sans featurings,contrôle : 50 % web7,0.23
sans featurings,contrôle : 50 % web7,0.0025
sans featurings,contrôle : 50 % web7,0.0025
sans featurings,contrôle : 50 % web7,0.0
sans featurings,contrôle : 50 % web7,0.09
sans featurings,contrôle : 50 % web7,0.0
sans featurings,contrôle : 50 % web7,0.005
sans featurings,contrôle : 50 % web7,0.005
sans featurings,contrôle : 50 % web7,0.1075
sans featurings,contrôle : 50 % web7,0.0
sans featurings,contrôle : 50 % web7,0.0
sans featurings,contrôle : 50 % web7,0.33
sans featurings,contrôle : 50 % web7,0.0
sans featurings,contrôle : 50 % web7,0.005
sans featurings,contrôle : 50 % web7,0.0
sans featurings,contrôle : 50 % web7,0.1475
sans featurings,contrôle : 50 % web7,0.0
sans featurings,contrôle : 50 % web7,0.0375
sans featurings,contrôle : 50 % web7,0.505
sans featurings,contrôle : 50 % web7,0.0
sans featurings,contrôle : 50 % web7,0.0
sans featurings,contrôle : 50 % web7,0.0025
sans featurings,contrôle : 50 % web7,0.0025
sans featurings,contrôle : 50 % web7,0.1725
sans featurings,contrôle : 50 % web7,0.0
sans featurings,contrôle : 50 % web7,0.005
sans featurings,contrôle : 50 % web7,0.0
sans featurings,contrôle : 50 % web7,0.0
sans featurings,contrôle : 50 % web7,0.0
sans featurings,contrôle : 50 % web7,0.1525
sans featurings,contrôle : 50 % web7,0.0
sans featurings,contrôle : 50 % web7,0.0425
sans featurings,contrôle : 50 % web7,0.925
sans featurings,contrôle : 50 % web7,0.7275
sans featurings,contrôle : 50 % web7,0.0025
sans featurings,contrôle : 50 % web7,0.115
sans featurings,contrôle : 50 % web7,0.0
sans featurings,contrôle : 50 % web7,0.0
sans featurings,contrôle : 50 % web7,0.08
sans featurings,contrôle : 50 % web7,0.0
sans featurings,contrôle : 50 % web7,0.175
sans featurings,contrôle : 50 % web7,0.25
sans featurings,contrôle : 50 % web7,0.0
sans featurings,contrôle : 50 % web7,0.0
sans featurings,contrôle : 50 % web7,0.0275
sans featurings,contrôle : 50 % web7,0.155
sans featurings,contrôle : 50 % web7,0.0
sans featurings,contrôle : 50 % web7,0.0
sans featurings,contrôle : 50 % web7,0.23
sans featurings,contrôle : 50 % web7,0.34
sans featurings,contrôle : 50 % web7,0.0
sans featurings,contrôle : 50 % web7,0.0
sans featurings,contrôle : 50 % web7,0.0
sans featurings,contrôle : 50 % web7,0.0
sans featurings,contrôle : 50 % web7,0.0475
sans featurings,contrôle : 50 % web7,0.1825
sans featurings,contrôle : 50 % web7,0.0025
sans featurings,contrôle : 50 % web7,0.0
sans featurings,contrôle : 50 % web7,0.0
sans featurings,contrôle : 50 % web7,0.005
sans featurings,contrôle : 50 % web7,0.165
sans featurings,contrôle : 50 % web7,0.0025
sans featurings,contrôle : 50 % web7,0.005
sans featurings,contrôle : 50 % web7,0.3325
sans featurings,contrôle : 50 % web7,0.0025
sans featurings,contrôle : 50 % web7,0.0125
sans featurings,contrôle : 50 % web7,0.16
sans featurings,contrôle : 50 % web7,0.0
sans featurings,contrôle : 50 % web7,0.0
sans featurings,contrôle : 50 % web7,0.2475
sans featurings,contrôle : 50 % web7,0.0
sans featurings,contrôle : 50 % web7,0.055
sans featurings,contrôle : 50 % web7,0.0325
sans featurings,contrôle : 50 % web7,0.0
sans featurings,contrôle : 50 % web7,0.0
sans featurings,contrôle : 50 % web7,0.375
sans featurings,contrôle : 50 % web7,0.0
sans featurings,contrôle : 50 % web7,0.0375
sans featurings,contrôle : 50 % web7,0.0
sans featurings,contrôle : 50 % web7,0.0025
sans featurings,contrôle : 50 % web7,0.0
sans featurings,contrôle : 50 % web7,0.0
sans featurings,contrôle : 50 % web7,0.0
sans featurings,contrôle : 50 % web7,0.0025
sans featurings,contrôle : 50 % web7,0.0375
sans featurings,contrôle : 50 % web7,0.045
sans featurings,contrôle : 50 % web7,0.035
sans featurings,contrôle : 50 % web7,0.13
sans featurings,contrôle : 50 % web7,0.0025
sans featurings,contrôle : 50 % web7,0.0
sans featurings,contrôle : 50 % web7,0.0
sans featurings,contrôle : 50 % web7,0.0025
sans featurings,contrôle : 50 % web7,0.0
sans featurings,contrôle : 50 % web7,0.0175
sans featurings,contrôle : 50 % web7,0.37
sans featurings,contrôle : 50 % web7,0.0
sans featurings,contrôle : 50 % web7,0.0
sans featurings,contrôle : 50 % web7,0.0
sans featurings,contrôle : 50 % web7,0.0
sans featurings,contrôle : 50 % web7,0.095
sans featurings,contrôle : 50 % web7,0.02
sans featurings,contrôle : 50 % web7,0.025
sans featurings,contrôle : 50 % web7,0.0
sans featurings,contrôle : 50 % web7,0.0
sans featurings,contrôle : 50 % web7,0.0
sans featurings,contrôle : 50 % web7,0.03
