artiste,distance_mediane_aux_autres,distance_min,voisin_le_plus_proche,n_tokens_corpus,rang_excentricite
Assassin (FRA),1.0327167737284264,0.645314744107409,Rocé (FRA),23408,1
Rocé (FRA),1.02907714623299,0.645314744107409,Assassin (FRA),19221,2
La Rumeur,1.0289630935672849,0.5701614327752377,Fayçal,47635,3
VII,1.0287830755754428,0.5325010053643568,Fayçal,38855,4
Manau,1.0276790431031344,0.6566418162373132,Klub des Loosers,27065,5
Akhenaton,1.0271870149595732,0.6134870884321024,IAM,65216,6
IAM,1.026092039271547,0.6134870884321024,Akhenaton,111638,7
La Canaille,1.0256771808673044,0.6476331484187595,La Rumeur,13550,8
Shurik’n,1.0253753773015735,0.6864637646649528,IAM,20471,9
Grand Corps Malade,1.024527122197156,0.6623797978410271,Manau,44845,10
Ali (FRA),1.024185493599515,0.6430700058895762,Fayçal,16119,11
MC Solaar,1.02273265189154,0.7282062559063691,La Caution,42412,12
Tragédie,1.0221479122512032,0.6971650335652879,Dadju,12430,13
Gaël Faye,1.0220851531344635,0.5908474811933047,Fayçal,14824,14
Casey (FRA),1.0207129623385014,0.6769831909113062,Rocé (FRA),14112,15
Dooz Kawa,1.0204072556207548,0.7101863863517456,La Rumeur,36133,16
La Cliqua,1.0198848295895488,0.6760570233787386,Rocca,12656,17
Keny Arkana,1.019735084654214,0.6763882702380924,Rocé (FRA),51267,18
Abd Al Malik,1.019509006862862,0.6915816525227114,Manau,27276,19
Lucio Bukowski,1.0184992810840492,0.5685217679365785,VII,86523,20
Fayçal,1.0182591833837837,0.5325010053643568,VII,19219,21
Lonepsi,1.018246560674099,0.6732545187542024,Manau,36535,22
Suprême NTM,1.0181564565334418,0.6923163644431212,Assassin (FRA),18835,23
Axiom,1.0181205770497537,0.8118652253121348,Rocé (FRA),17591,24
Tsew The Kid,1.0179423957079445,0.7247968544189891,Lycos,31974,25
Suzuya,1.0176798102250206,0.6664446319228402,Lycos,35136,26
Ideal J,1.0174961571896843,0.6996711607447997,Kery James,13803,27
Dadju,1.0170242705269192,0.6971650335652879,Tragédie,35824,28
Ridsa,1.0169261523839253,0.7680034914490874,Lycos,37507,29
Kery James,1.01625789813002,0.6731085383793941,Rocé (FRA),43593,30
Médine,1.0162307221173006,0.6664335998832681,VII,48378,31
Klub des Loosers,1.0161545021700515,0.6566418162373132,Manau,31454,32
Rockin’ Squat,1.0155328483310422,0.684238027048917,Assassin (FRA),41627,33
Mysa,1.0154638646170375,0.7185409463388707,Rocé (FRA),62390,34
Soolking,1.0153149590752626,0.8129903888560676,MRC,21170,35
Le Rat Luciano,1.0151411212093866,0.6901821178713425,Fonky Family,15140,36
Serane,1.015102473687946,0.6523081175414398,J9ueve,18597,37
Maj Trafyk,1.0150334020189251,0.6766594520258733,VII,18407,38
Neg’ Marrons,1.0149358073044283,0.8342630954171373,Le Rat Luciano,25364,39
Kroc Blanc,1.0149207327440166,0.7014994223351857,VII,12970,40
Hippocampe Fou,1.0148677548056364,0.7453767937010972,Lucio Bukowski,31521,41
TTC,1.0148638812399664,0.7008634475066295,La Caution,15197,42
Fonky Family,1.0147273262084369,0.6901821178713425,Le Rat Luciano,31256,43
La Caution,1.0146231198873696,0.6514227810911444,VII,13121,44
Kemmler,1.0144004041585175,0.7557221582865359,Spider ZED,27638,45
Lycos,1.0137133321972425,0.6660238299613568,USKY,24090,46
Les Sages Poètes de la Rue,1.0135151936899764,0.7737563527727722,MC Solaar,38491,47
Psy 4 de la Rime,1.0134934175730437,0.7804090289828973,Keny Arkana,41279,48
Gambino La MG,1.0134868358915037,0.7779797756064281,Diddi Trix,19184,49
Cabadzi,1.0134331813138948,0.8139694727872682,Klub des Loosers,18924,50
Sinik,1.0133340283504029,0.8176521440801676,La Rumeur,79007,51
SDM,1.013331226555112,0.8214911879841386,Diddi Trix,20251,52
Flynt,1.0131058206171817,0.7688937183811375,La Canaille,17200,53
Kerchak,1.0130700813424907,0.7089918034470523,Beendo Z,23064,54
Therapie TAXI,1.0129595083999765,0.8071690660461133,Tragédie,23682,55
Triptik,1.012943984868897,0.7536671747553835,La Caution,13155,56
Sniper,1.0129102388156075,0.8097864887159036,Rocé (FRA),50797,57
Kohndo,1.0127486704845698,0.7102434656298847,Ali (FRA),25132,58
Oxmo Puccino,1.0125534432507397,0.7810954415310327,Klub des Loosers,56142,59
Rocca,1.0125427194440704,0.6760570233787386,La Cliqua,18866,60
Le Klub des 7,1.0125370930270432,0.7180032556564525,Klub des Loosers,14443,61
Timal,1.012499867117374,0.7929792910232212,Diddi Trix,47492,62
Fabe,1.0124125601844343,0.7812470419282297,Rocé (FRA),31037,63
Rounhaa,1.01235087264814,0.6920021265001026,Lycos,24137,64
Maska,1.011888385392389,0.8583023611047825,Ridsa,32984,65
Pit Baccardi,1.0118690925790086,0.832132474402073,La Canaille,15632,66
Gims,1.011788415795666,0.8092471422337906,Dadju,50284,67
Fresh laDouille,1.0115280972244192,0.7465294622013318,UZI (FRA),32102,68
Vegedream,1.0113319919222403,0.784703325340613,Dadju,26665,69
GLK,1.0111847964630525,0.8354532709800383,Djadja & Dinaz,46269,70
The Shin Sekaï,1.011084536445662,0.7986890335899812,Dadju,23567,71
Tiers,1.0110502263967382,0.8034922950732898,Médine,21200,72
Kodes,1.0110354104604142,0.7637019300472428,Diddi Trix,15732,73
Odezenne,1.0109236667860406,0.7904614552030609,Gaël Faye,17628,74
Boostee,1.010752138456139,0.7184254612894413,Lonepsi,19411,75
Lujipeka,1.0107479060991928,0.780442506489254,Lycos,28311,76
Niska,1.0107292605074443,0.8518848431485924,Kodes,37863,77
Diddi Trix,1.010712334777963,0.7637019300472428,Kodes,21985,78
Chilla,1.0107104841522574,0.8668210264859002,USKY,24416,79
Furax Barbarossa,1.0106258942949902,0.8004509530617228,La Rumeur,49642,80
Lunatic,1.0104817231353769,0.784030220431821,Ali (FRA),21940,81
Mystik,1.0102951956949995,0.8299963983765286,Keny Arkana,23915,82
ASHE 22,1.010268933437295,0.7972460205617798,Maes,25161,83
MRC,1.0102265807463797,0.7892114624038025,Kofs,23089,84
USKY,1.0102220567236904,0.6660238299613568,Lycos,18850,85
Youssoupha,1.0101606927305902,0.8094519553926371,Rocé (FRA),58830,86
​nelick,1.0101548305970227,0.7084816294001627,Lycos,28021,87
Tandem,1.010029378438933,0.7762346922566811,La Rumeur,19705,88
Expression Direkt,1.0099948551301434,0.8183854982734231,Suprême NTM,16008,89
4Keus,1.0098322526600614,0.8534117277309082,Fresh laDouille,22814,90
X-Men,1.0098310277946516,0.7531127080334352,La Caution,14596,91
Zkr,1.0098271381541122,0.796845588512708,Beendo Z,65215,92
OBOY,1.0097909309535424,0.7259201549001929,J9ueve,19674,93
Naps,1.0096473332751768,0.7638816680511558,Moubarak,71814,94
Lino,1.009619001514237,0.7548155244601759,Lucio Bukowski,24354,95
Denzo,1.0095181671323785,0.8414415737933653,Fresh laDouille,16399,96
Aladin 135,1.0094854997766156,0.8374167107635611,Lycos,46716,97
ISK,1.009397673177073,0.8173298998656668,Djadja & Dinaz,44303,98
So La Lune,1.0093600810006138,0.8199662775441655,​DA Uzi,49391,99
H Magnum,1.0092651360852973,0.8815644474220712,Ridsa,20458,100
Franglish,1.0092386545208591,0.7437058137893628,Tragédie,32068,101
Leto,1.0091939259590137,0.77313493885653,PSO Thug,48826,102
Saïan Supa Crew,1.009182436768195,0.8570828804582271,Shurik’n,16932,103
Heuss L’enfoiré,1.009150994431391,0.8120890348212002,Kodes,13918,104
Maes,1.0090303628153294,0.7895831186497096,Fresh laDouille,43767,105
KeBlack,1.0090297391134695,0.8187089832679276,Franglish,31706,106
Krisy,1.0089618184818838,0.8171835823761968,Tragédie,39242,107
47ter,1.0089295577949766,0.8334087520167198,Lonepsi,30040,108
Koba LaD,1.0088545832319928,0.8209792933241333,Diddi Trix,46063,109
Ninho,1.0087920042318292,0.8548369945259064,Kodes,69505,110
Freeze Corleone,1.0087527705547479,0.8075796434868927,Luv Resval,51282,111
Davodka,1.0087359602831525,0.7883660017296397,Lucio Bukowski,41089,112
Spider ZED,1.0087118068236651,0.725715802673365,Lycos,21348,113
Kamini,1.0086072333846412,0.865552894915828,Fabe,22640,114
Ziak,1.0085726728027093,0.8528582369104585,Beendo Z,22961,115
Soso Maness,1.0085434484608133,0.8763093521062643,Hooss,26539,116
Dany Dan,1.008517102623656,0.7927790904980971,Les Sages Poètes de la Rue,17265,117
Sat l’Artificier,1.0084787251939438,0.7763045460692208,Fonky Family,15455,118
Nahir,1.0084544790484733,0.8022777670513427,Zkr,33087,119
Nessbeal,1.0081359449211624,0.7765641985734401,Fayçal,36080,120
Lady Laistee,1.0081138213368037,0.8466288625827508,La Cliqua,13299,121
OrelSan,1.0079409992579411,0.8088318744292128,Spider ZED,51886,122
TiTo Prince,1.0078901951786419,0.8868430626072923,Spider ZED,35958,123
Hyacinthe,1.0078586475333782,0.8352887753943626,Lomepal,27044,124
JeanJass,1.0078448591360312,0.8924709672053625,Retro X,13094,125
13 Block,1.0078326911738325,0.9085170373868564,PSO Thug,46620,126
Jok’Air,1.0078069813493165,0.9006902541702825,MZ,43033,127
Eddy de Pretto,1.0078045418107564,0.7774873369428429,Klub des Loosers,19049,128
Damso,1.0077277010573225,0.8594131195228903,USKY,42810,129
Ateyaba,1.0077143759532312,0.8198309735123208,Freeze Corleone,33760,130
J9ueve,1.007656622718129,0.6523081175414398,Serane,14050,131
Abou Tall,1.0076428513412692,0.896161405656825,The Shin Sekaï,22947,132
Octobre Rouge,1.0073583634299326,0.7945516259494907,La Rumeur,26467,133
L’Skadrille,1.0072215634791328,0.8259096392513755,IAM,18473,134
Demi Portion,1.0072191224985552,0.8226233196578563,Fonky Family,56735,135
Rochdi,1.007043688194655,0.6806887399288344,Lucio Bukowski,39166,136
Faf Larage,1.0070436322205487,0.8323437801112386,Shurik’n,18826,137
TSR Crew,1.007013864504839,0.7772328893798903,Hugo TSR,38733,138
UZI (FRA),1.006917633220221,0.7465294622013318,Fresh laDouille,24964,139
Lesram,1.0067619595611181,0.8208629126670787,Timal,25963,140
Zoxea,1.0067290439697432,0.8252772636892683,Les Sages Poètes de la Rue,14117,141
Dinos,1.006724896958497,0.8235990881661898,Spider ZED,73415,142
Stupeflip,1.006596307330248,0.8779553178945344,Kacem Wapalek,27428,143
Scylla,1.0065875908208457,0.7561405717939138,Klub des Loosers,62244,144
Jorrdee,1.0065664712444238,0.8399786878596764,Serane,67848,145
Hamza,1.0065466501674827,0.7777369142837307,Lala &ce,60025,146
Canardo,1.0064319896039675,0.89560533548309,Ridsa,19088,147
Moha La Squale,1.0063657887733228,0.8276384829756711,Heuss L’enfoiré,45572,148
Still Fresh,1.0062566996053706,0.8380919467323216,Franglish,25109,149
Kalash,1.0062190510991846,0.899322449686246,Lala &ce,22697,150
Zuukou Mayzie,1.00618737056542,0.8901390211659045,Lala &ce,17308,151
2zer,1.0061027199091481,0.8952272086613935,Lycos,17348,152
Alpha 5.20,1.0060841888860232,0.8323014904307697,Lunatic,12229,153
Kalash Criminel,1.0060713217797106,0.8327610170758728,Gazo,32963,154
Benash,1.0060431433014005,0.8954233494769034,Booba,13642,155
MHD,1.0059793674584292,0.873072727221747,Djadja & Dinaz,17193,156
Bigflo & Oli,1.0059045412280914,0.8604477773899537,Grand Corps Malade,63386,157
Sefyu,1.0058270722104712,0.8397006908896112,Médine,29944,158
Yaro,1.0058072407541054,0.8750734632138134,Gambino La MG,28381,159
Soprano,1.005773239020305,0.8382501093809019,Manau,51103,160
D. Ace,1.0057711839130214,0.8896548439290533,Dandyguel,43707,161
Bolémvn,1.0057592364681172,0.9093835074252982,SDM,32072,162
Luv Resval,1.0057042689869975,0.8075796434868927,Freeze Corleone,68474,163
Bekar,1.0056373691329008,0.8696546279012687,Hyacinthe,39610,164
Retro X,1.0055966835759387,0.7913782082149999,Serane,50308,165
Lartiste,1.0055893364342845,0.8775206490257066,Franglish,44737,166
Cookiesan,1.0055571176402753,0.8951127642112767,Lycos,21150,167
Elams,1.0054869752354982,0.8459839131330812,Alrima,51413,168
La Fouine,1.0054789007498584,0.9306203603436918,Worms-T,118506,169
Zesau,1.0053807693470207,0.8528699724312827,Mafia K’1 Fry,15212,170
Roméo Elvis,1.0053405964115913,0.8877893399647963,TTC,34023,171
Kamelancien,1.0052908042473514,0.8471620006950896,Sat l’Artificier,20959,172
Georgio,1.0052884642196513,0.8501527250953872,Lonepsi,77478,173
Don Choa,1.0052763610295279,0.8562740583030041,Zesau,18138,174
Doc Gynéco,1.005227472667369,0.8445635422623209,Flynt,14055,175
Alibi Montana,1.005215173745419,0.8483377865133851,Salif,12182,176
Lefa,1.0052113914242247,0.8943128224255835,Spider ZED,54067,177
Alonzo,1.0052018230702884,0.8854122643322042,Kofs,58306,178
Black M,1.005173152269133,0.8373365479481163,Ridsa,43610,179
PSO Thug,1.005161987281154,0.77313493885653,Leto,27674,180
Benab,1.0051475718012175,0.8226934585999681,Gambi,30216,181
Kamikaz,1.005119646642068,0.773437250852526,Zbig,60940,182
Lord Esperanza,1.005118174765884,0.7785752277563265,VII,54366,183
Beendo Z,1.005084541016887,0.7089918034470523,Kerchak,27872,184
Kekra,1.0050678264851545,0.8783828731964892,PNL,86961,185
Mac Tyer,1.0050358494533451,0.884817338439196,Rocca,89009,186
Lorenzo,1.0049930478228046,0.8447954013399235,Jack Uzi,20550,187
Swift Guad,1.004913362047366,0.8694655151172547,Lucio Bukowski,94899,188
SCH,1.0048961331034387,0.8766735054000234,USKY,59388,189
Naza,1.0048906761817182,0.8142527974016887,Alrima,34458,190
Booba,1.0048800390804713,0.8954233494769034,Benash,69185,191
Gambi,1.0048558165181756,0.7604971024471142,DTF,18756,192
Lala &ce,1.0048007297238493,0.7278803699009013,Serane,15134,193
MC Jean Gab’1,1.0047757354645752,0.8409512871343471,Seth Gueko,20092,194
Busta Flex,1.0047001760105583,0.9194056607917335,Dandyguel,38473,195
Elh Kmer,1.0046901767590715,0.8987332556709544,Gambino La MG,30654,196
Rohff,1.0046654800015848,0.8541256101175366,Sefyu,156689,197
Josman,1.0046646662411363,0.8332825322028701,OBOY,52623,198
Lacrim,1.0046194470222392,0.8353013639858022,Kofs,82576,199
Younès,1.0046090496296083,0.8991130682885915,Spider ZED,23454,200
Alkpote,1.0045990091088304,0.8560739083918583,Unité 2 Feu,75000,201
L’Algérino,1.0045539450743708,0.8558926665561188,MRC,30806,202
Vald,1.0044764677517328,0.894029571063846,Spider ZED,108243,203
Gérard Baste,1.0044743894738906,0.786300980297839,Svinkels,25658,204
Guy2Bezbar,1.004463278555945,0.8563257205433963,Diddi Trix,21628,205
Dry,1.0044221064406678,0.883687339784742,Shurik’n,22891,206
404Billy,1.0044120349510957,0.8992755369217956,Booba,46168,207
5 Majeur,1.0044060419042968,0.7240286075627168,Fixpen Sill,13108,208
Limsa d’Aulnay,1.0043959131880573,0.8477265341718818,​​okis,20011,209
Casseurs Flowters,1.0043715547852483,0.8193978723520675,OrelSan,20855,210
Werenoi,1.0043540968768414,0.865661236387686,Ziak,20080,211
Landy,1.0043329851581544,0.819031954111761,UZI (FRA),23196,212
Niaks,1.004233827491063,0.846854480449713,Nahir,21273,213
BFG,1.0042265601063107,0.8364147262888433,Maes,13715,214
Black Kent,1.0041964080379837,0.9093416155425468,Krisy,28501,215
Le Juiice,1.0041890750056859,0.8232706950900985,Lala &ce,12242,216
Moubarak,1.0041635728816947,0.7441553771261458,JuL,13810,217
Butter Bullets,1.0041557152830543,0.881124836990646,Freeze Corleone,24291,218
Darryl Zeuja,1.0041183322047582,0.9094451745026374,Lonepsi,14897,219
Ol’ Kainry,1.0040538868544577,0.9141363318341955,La Cliqua,54958,220
Dibson,1.004035046210523,0.8336228156384132,DTF,30786,221
Zamdane,1.0040090474872894,0.7727268817278616,Lycos,43140,222
Bosh,1.0040074153032739,0.8798306954872874,Djadja & Dinaz,24513,223
TLF,1.0039668124446461,0.8886731878786064,Le Rat Luciano,17608,224
Fixpen Sill,1.003921748934053,0.7240286075627168,5 Majeur,26480,225
Green Money,1.003855906679147,0.8924624015063973,Alpha 5.20,16358,226
​​okis,1.0038545824917455,0.8197368516113873,Hugo TSR,18753,227
Caballero,1.0038498580442972,0.8448145824862282,5 Majeur,32139,228
Kaaris,1.0038174651884835,0.8706398983212565,Alkpote,85039,229
Vin’s,1.0037676226066488,0.8786472820472261,Hugo TSR,38491,230
R.E.D.K.,1.0037302936057406,0.8130719991877866,Rocé (FRA),24813,231
S-Crew,1.0037081621505983,0.9058803069847656,L’Entourage,41034,232
PRIME,1.0036894662370646,0.8660215393867462,Zola,18819,233
100 Blaze,1.0036810130082525,0.8661169381267482,ASHE 22,24674,234
Svinkels,1.0036769218842192,0.786300980297839,Gérard Baste,52491,235
1995,1.003654518715443,0.7564218145084218,5 Majeur,20740,236
Dandyguel,1.003618143826816,0.8872581261410988,47ter,20562,237
Abou Debeing,1.0035358223725739,0.845693069446799,Franglish,23493,238
Benjamin Epps,1.0035193597845042,0.8860848837043519,Alpha 5.20,15523,239
Luidji,1.0034895735320308,0.8609014920518658,Suzuya,22429,240
Guizmo,1.0034861253553555,0.9022833638584811,KaNoé (BEL),133444,241
KaNoé (BEL),1.003376789374347,0.8545973300437782,Gambi,21022,242
Hornet La Frappe,1.003355128216338,0.8849952933436869,Djadja & Dinaz,46370,243
Kool Shen,1.0033409972084384,0.8372684057280952,Jeff Le Nerf,15434,244
Lacraps,1.0033184845967198,0.8543485573138095,​​okis,38525,245
MZ,1.0032300556634484,0.8887366264742118,Gradur,44193,246
La Fève,1.003118294959621,0.8029480529202278,J9ueve,53157,247
Rim’K,1.0029387141738426,0.8273922140273706,113,36514,248
Beeby,1.0027165075726021,0.9221351701169068,Zbig,56357,249
Sadek,1.0026900358609108,0.9347935590801483,Zikxo,85973,250
​DA Uzi,1.0026899364412452,0.7843372089265664,Djadja & Dinaz,59304,251
KIK,1.0026387378892463,0.8428004785057108,Rounhaa,57502,252
Hayce Lemsi,1.002611665550204,0.8729724638419243,Rochdi,110346,253
Alrima,1.0025994167011394,0.8142527974016887,Naza,28060,254
Zola,1.0025866052252441,0.8124578029037783,Gambi,28974,255
Mafia K’1 Fry,1.0024214853591311,0.778428555128938,Fonky Family,21325,256
Seth Gueko,1.0023853814516581,0.8409512871343471,MC Jean Gab’1,62169,257
S.Pri Noir,1.0023630499130542,0.9270501475628821,Panama Bende,26396,258
DTF,1.0023536099114159,0.7122562174945024,PNL,44211,259
Volts Face,1.002333705587737,0.8287586461830305,Kofs,34455,260
Barack,1.0022952881401899,0.8149127516609894,MRC,22538,261
Sianna,1.002243837318451,0.8973660682087096,D. Ace,13738,262
Lomepal,1.0022104022009648,0.819732944813255,Spider ZED,38728,263
Jazzy Bazz,1.0022093620665111,0.7938138691482441,VII,20949,264
El Matador,1.0020618620628772,0.8864993200236113,Furax Barbarossa,24066,265
L’Entourage,1.0020158536747155,0.8173789321276297,5 Majeur,34293,266
YL,1.001896646886196,0.8604678786676916,Maes,61136,267
Disiz,1.0017522731718451,0.9443290293152893,Le Klub des 7,106690,268
Senamo,1.0017144753709184,0.8445434387362104,DTF,19855,269
Gazo,1.0016776187129648,0.822256317228646,Youv Dee,13236,270
Salif,1.0016618084689437,0.843053404943574,Expression Direkt,42627,271
Despo Rutti,1.0016516773038302,0.8548737742792435,Médine,50830,272
Ademo,1.0015766184972068,0.8662213467536726,Seth Gueko,22265,273
Gradur,1.001516841203434,0.8566257592826708,Ateyaba,39728,274
Unité 2 Feu,1.0014734555711768,0.8124472719874866,5 Majeur,17861,275
Jack Uzi,1.0014365975378414,0.8447954013399235,Lorenzo,28956,276
PNL,1.0013252650916291,0.7122562174945024,DTF,31273,277
Taïpan,1.001319977461109,0.8800252427870667,Le Klub des 7,24588,278
Kacem Wapalek,1.0012905373495977,0.8030733011334623,Fabe,16072,279
Sexion d’Assaut,1.001266549125853,0.868997620601432,Kacem Wapalek,92294,280
3010,1.0012520060417216,0.8946346115977851,Spider ZED,76594,281
Beny,1.0010462084264828,0.8357906444906821,La Caution,14336,282
Tunisiano,1.0010245121376697,0.8181381419879113,Fayçal,17455,283
Népal,1.0009702319618805,0.8310816112149144,5 Majeur,16510,284
Siboy,1.0008590377102013,0.8828403132995755,Damso,16848,285
Sneazzy,1.000790120976546,0.8814046070189732,Serane,46026,286
Panama Bende,1.0007466974271066,0.8670295834580786,5 Majeur,21113,287
Souffrance,1.000680018704466,0.8364560693837807,Lino,22702,288
Sultan,1.0006793192542056,0.8872733160281492,MRC,27273,289
Fababy,1.0005777498902542,0.9112642423849222,Alpha 5.20,27386,290
Laylow,1.0005304641210693,0.8318683454023774,Lycos,26177,291
Sam’s,1.0004841253131043,0.873830288664716,Lucio Bukowski,33327,292
Grems,1.000266294556294,0.8606490997916166,Zbig,43784,293
PLK,1.0001184551563496,0.8846185736367219,Djadja & Dinaz,75621,294
Hooss,1.0000880563448462,0.8582775763642948,Naps,66090,295
Hugo TSR,1.0000651133592193,0.7772328893798903,TSR Crew,33252,296
Sofiane,1.0000300695225235,0.8900120928913825,Seth Gueko,54535,297
F430,0.9999679011232437,0.8270244783263279,MMZ,24076,298
Grödash,0.9999502487774783,0.8708929152741799,Lino,17635,299
Djadja & Dinaz,0.9999203577257723,0.7731638981596266,MMZ,82209,300
Diam’s,0.9998015587809648,0.8727219743575729,Abd Al Malik,38504,301
Zikxo,0.9997525195155001,0.8835981938462298,Hugo TSR,66620,302
Dosseh,0.9997320648694519,0.9261813291816129,Limsa d’Aulnay,66926,303
Nusky,0.9996667407092998,0.846733025868911,Lycos,20841,304
Joe Lucazz,0.9995579523003454,0.7677757218467113,Lucio Bukowski,17054,305
Nekfeu,0.9995221241566414,0.8872701751756229,5 Majeur,53753,306
Mister You,0.9993559323540868,0.865943691120512,Moha La Squale,39708,307
Niro,0.9992276645592475,0.8786111885243931,ISK,108704,308
Mister V,0.9991708995536406,0.8123790278853527,J9ueve,18689,309
Zbig,0.9991350704711224,0.773437250852526,Kamikaz,16021,310
Deen Burbigo,0.9988447902110171,0.8822437185355355,Octobre Rouge,33826,311
Alpha Wann,0.9986835195380299,0.8032591704098395,X-Men,26653,312
Youri,0.9986577791703064,0.853388342922714,Zola,30255,313
JuL,0.9985821958844474,0.7441553771261458,Moubarak,441816,314
Jeff Le Nerf,0.9985536448226964,0.8372684057280952,Kool Shen,21146,315
A2H,0.9982786029023707,0.8865777266992869,Gambi,69690,316
Sopico,0.9982006904152227,0.8425561975222464,USKY,45975,317
Dabs,0.9980782868325061,0.8419740799543374,MMZ,30788,318
Worms-T,0.9980614219200675,0.8635031964473208,Seth Gueko,13524,319
Kofs,0.9977523527341547,0.7892114624038025,MRC,39569,320
Hatik,0.9976648844561107,0.797080402440331,Lycos,55345,321
MMZ,0.99758697531717,0.7531405848763073,PNL,26487,322
Roshi,0.9974843341382587,0.8204193719397732,Gambi,41019,323
113,0.9963859092086136,0.8273922140273706,Rim’K,16206,324
RK,0.9953501072470875,0.8141383279867517,Djadja & Dinaz,61309,325
Jarod,0.9938259292868903,0.8580212426689662,Volts Face,85651,326
Youv Dee,0.9922723918616807,0.8000486673237746,J9ueve,38938,327
