rep,features,metric,rang_mikeysem,n_candidats,sep_mikeysem,sep_top1,top1
0,mfw,cosine_delta,131,491,-0.6169253787176329,-2.565173866035847,SCH
0,mfw,burrows_delta,180,491,-0.4360882708751915,-2.221458892391608,Zikxo
0,char,cosine_delta,80,491,-1.0865078976716365,-2.4078862646409505,Zola
0,char,burrows_delta,337,491,0.4291243109810711,-2.2389884768273465,Kvra
1,mfw,cosine_delta,156,491,-0.47498243271578033,-3.1564836643024634,Werenoi
1,mfw,burrows_delta,203,491,-0.28673678993054014,-2.4154824558587253,Lacrim
1,char,cosine_delta,73,491,-1.128517121221658,-2.8299988767460422,ISK
1,char,burrows_delta,341,491,0.41391827190848407,-2.136603790568788,ISK
2,mfw,cosine_delta,161,491,-0.48520388847286444,-3.5150365170194853,SCH
2,mfw,burrows_delta,199,491,-0.3035766739332793,-2.6057532979109586,JuL
2,char,cosine_delta,64,491,-1.2296969102176725,-2.6002846334899594,UZI (FRA)
2,char,burrows_delta,343,491,0.43324688112173043,-2.940314772194456,JuL
3,mfw,cosine_delta,166,491,-0.42768356917223177,-2.5272290942829514,Beendo Z
3,mfw,burrows_delta,181,491,-0.40281017115333195,-2.732331522491964,ISK
3,char,cosine_delta,78,491,-1.0630024495978956,-3.105268405825002,Beendo Z
3,char,burrows_delta,347,491,0.3964531838603746,-2.6155491229336767,Beendo Z
4,mfw,cosine_delta,140,491,-0.591280020822101,-3.290233472593834,UZI (FRA)
4,mfw,burrows_delta,201,491,-0.2573983253175692,-2.1603294089531744,Souffrance
4,char,cosine_delta,76,491,-1.0860075772062254,-2.719409843260008,UZI (FRA)
4,char,burrows_delta,343,491,0.40819762433004686,-2.6835082616730555,L’Entourage
5,mfw,cosine_delta,158,491,-0.4477232355319782,-2.830719718151916,UZI (FRA)
5,mfw,burrows_delta,190,491,-0.3822330784806056,-2.2072125899569968,Dibson
5,char,cosine_delta,75,491,-1.0871994199396282,-2.649684541647638,MC Circulaire
5,char,burrows_delta,341,491,0.3619281052208553,-2.2524027676083693,Dibson
6,mfw,cosine_delta,173,491,-0.3704169646173026,-2.7729018769250886,Lemon Haze
6,mfw,burrows_delta,204,491,-0.30072236160832005,-2.0222568947101145,Vin’s
6,char,cosine_delta,79,491,-1.0558877012878847,-2.5464578008790677,Maes
6,char,burrows_delta,345,491,0.4250614341335452,-2.487733217048552,Vin’s
7,mfw,cosine_delta,143,491,-0.5610184175896381,-2.958545336032222,SCH
7,mfw,burrows_delta,201,491,-0.34651434587261093,-2.5508202862113243,Dibson
7,char,cosine_delta,58,491,-1.2530740234171451,-2.498061175472255,SCH
7,char,burrows_delta,324,491,0.36098050823089095,-2.2733140399066385,Volts Face
8,mfw,cosine_delta,145,491,-0.5653614685795545,-2.754564473895352,SCH
8,mfw,burrows_delta,229,491,-0.15990159228042589,-2.176927245168887,Panama Bende
8,char,cosine_delta,85,491,-0.9854810976925726,-2.7675834220694355,SCH
8,char,burrows_delta,351,491,0.431488378489602,-2.0037462389548684,Panama Bende
9,mfw,cosine_delta,202,491,-0.268926450681995,-3.1187388127687896,Mister You
9,mfw,burrows_delta,173,491,-0.37378195654311,-2.9752634581678112,Rohff
9,char,cosine_delta,89,491,-1.0067543171357274,-2.555564601093518,SCH
9,char,burrows_delta,333,491,0.3996760916810849,-3.183392447765448,Rohff
10,mfw,cosine_delta,157,491,-0.4497110305376747,-3.6252348640199483,GLK
10,mfw,burrows_delta,194,491,-0.3421596616347587,-2.6173803453156173,Zkr
10,char,cosine_delta,73,491,-1.1574586069460833,-3.0680761603405955,GLK
10,char,burrows_delta,333,491,0.36139859129584645,-2.3012764025614447,Vin’s
11,mfw,cosine_delta,178,491,-0.3586278844755123,-2.8512744601904116,Maes
11,mfw,burrows_delta,210,491,-0.3020399799041169,-2.131199637037506,Panama Bende
11,char,cosine_delta,75,491,-1.0764602990291106,-2.827401246339562,Beendo Z
11,char,burrows_delta,350,491,0.40567585491864194,-2.3133741934298544,Kvra
12,mfw,cosine_delta,190,491,-0.3037350254081029,-2.7289244636726218,Koba LaD
12,mfw,burrows_delta,203,491,-0.274791329348117,-2.314876125694586,Assaf
12,char,cosine_delta,69,491,-1.0794545471616968,-2.3228206391775212,Djadja & Dinaz
12,char,burrows_delta,334,491,0.3357701946681719,-2.6973788384686777,L’Entourage
13,mfw,cosine_delta,134,491,-0.5856770841397156,-2.984475516680826,Kerchak
13,mfw,burrows_delta,220,491,-0.19767725534984992,-2.2316814938762257,Panama Bende
13,char,cosine_delta,67,491,-1.193860308888416,-3.2000362453145077,Kerchak
13,char,burrows_delta,348,491,0.40731281733338526,-2.151100092215737,Panama Bende
14,mfw,cosine_delta,158,491,-0.5131090683725017,-2.5987274240565665,Werenoi
14,mfw,burrows_delta,200,491,-0.31754987433309073,-2.8643750392947585,Dibson
14,char,cosine_delta,103,491,-0.8910956893637922,-2.37518137051886,Zkr
14,char,burrows_delta,332,491,0.3093514832690383,-2.810190595587943,Dibson
15,mfw,cosine_delta,133,491,-0.608043183844478,-2.917008443980223,Kerchak
15,mfw,burrows_delta,194,491,-0.3344190276449962,-2.447515151455231,Panama Bende
15,char,cosine_delta,80,491,-1.068959343152794,-2.8501198210426026,UZI (FRA)
15,char,burrows_delta,343,491,0.43345421902866527,-2.7520023478514952,L’Entourage
16,mfw,cosine_delta,161,491,-0.44108048271890693,-2.936583923833718,Djadja & Dinaz
16,mfw,burrows_delta,203,491,-0.30625163200905947,-2.6510721643800608,Guizmo
16,char,cosine_delta,73,491,-1.1281321054419953,-2.880341866357502,Beendo Z
16,char,burrows_delta,354,491,0.44642847350660764,-2.2453544118960616,Guizmo
17,mfw,cosine_delta,178,491,-0.37076176062281774,-2.7179867864939764,Lemon Haze
17,mfw,burrows_delta,216,491,-0.26050249495591954,-2.610255300564959,Zkr
17,char,cosine_delta,123,491,-0.7694785300832636,-2.6317383145779987,Kerchak
17,char,burrows_delta,348,491,0.41208657490095574,-2.0913801927636246,Nahir
18,mfw,cosine_delta,146,491,-0.5519691917227906,-3.350277435950567,Soso Maness
18,mfw,burrows_delta,205,491,-0.3522842682428914,-2.0540520649795457,Assaf
18,char,cosine_delta,83,491,-1.0497489779487055,-2.6397648211085425,Roshi
18,char,burrows_delta,343,491,0.40668374532424617,-2.0594237563479827,Caballero
19,mfw,cosine_delta,125,491,-0.6812035159680764,-2.658517002768417,Kerchak
19,mfw,burrows_delta,190,491,-0.3604126734748088,-2.444222230690817,Davodka
19,char,cosine_delta,100,491,-0.9577422725326487,-2.2382333231019045,Fresh laDouille
19,char,burrows_delta,326,491,0.2904391283818895,-2.2040461570043037,L’Entourage
20,mfw,cosine_delta,177,491,-0.3823647055393825,-2.627764153720197,Sofiane
20,mfw,burrows_delta,226,491,-0.19641235572797874,-2.6789089744279986,Sofiane
20,char,cosine_delta,75,491,-1.123139880745827,-2.3216509888661654,Werenoi
20,char,burrows_delta,340,491,0.4325294087029026,-2.411785763872408,Dibson
21,mfw,cosine_delta,171,491,-0.3799377280627777,-2.7996509788217216,Mister You
21,mfw,burrows_delta,185,491,-0.3629104688861458,-2.250041817762454,SCH
21,char,cosine_delta,72,491,-1.1158351427800157,-2.6269514159947436,Rimkus
21,char,burrows_delta,339,491,0.3815665033279189,-2.4582582607777645,Dibson
22,mfw,cosine_delta,162,491,-0.502292336193049,-3.180445586545764,AM La Scampia
22,mfw,burrows_delta,203,491,-0.3083469427272727,-2.3277446983351315,Sofiane
22,char,cosine_delta,104,491,-0.876192888048612,-2.6879953489122017,UZI (FRA)
22,char,burrows_delta,332,491,0.3629454397883904,-2.4817495833593273,Dibson
23,mfw,cosine_delta,154,491,-0.44188989860206157,-2.390240923158093,Worms-T
23,mfw,burrows_delta,206,491,-0.28842734895002553,-2.231466504798141,ISK
23,char,cosine_delta,71,491,-1.1138355917520877,-2.538573146959013,Zkr
23,char,burrows_delta,347,491,0.42798243927442514,-2.4294661145624232,Zkr
24,mfw,cosine_delta,180,491,-0.3225514755554128,-3.385756640242961,Beendo Z
24,mfw,burrows_delta,197,491,-0.3346269901562992,-2.7834051598311027,Rohff
24,char,cosine_delta,93,491,-0.9814185488703757,-2.471597062784452,Djadja & Dinaz
24,char,burrows_delta,341,491,0.4104069028082688,-2.8528026914011084,Rohff
25,mfw,cosine_delta,151,491,-0.4749338101450478,-3.0908178853478647,Zkr
25,mfw,burrows_delta,204,491,-0.3074940541788586,-2.537778754879931,L’Entourage
25,char,cosine_delta,80,491,-1.0544017286793834,-2.824707626623448,JuL
25,char,burrows_delta,345,491,0.4647778853824448,-3.0141099980415005,L’Entourage
26,mfw,cosine_delta,157,491,-0.45852103534816363,-2.5313776674176935,Mister You
26,mfw,burrows_delta,211,491,-0.2577595419822718,-2.3487617237116454,Vin’s
26,char,cosine_delta,88,491,-0.9712471373232775,-2.7447441465087996,Beendo Z
26,char,burrows_delta,347,491,0.4323513657780188,-2.6101861964817887,L’Entourage
27,mfw,cosine_delta,166,491,-0.38719897154848637,-3.3318723678094675,SCH
27,mfw,burrows_delta,190,491,-0.4022129661044742,-2.1395551744736894,Nakk Mendosa
27,char,cosine_delta,72,491,-1.1230921910339935,-2.6307206977807716,Kerchak
27,char,burrows_delta,339,491,0.3413172226498062,-2.3287414356165694,Nakk Mendosa
28,mfw,cosine_delta,146,491,-0.6015366701786737,-2.945234603008741,Rimkus
28,mfw,burrows_delta,175,491,-0.4133895144144706,-2.2927294454824403,Zkr
28,char,cosine_delta,92,491,-0.9909698226628266,-2.778387340370006,Beendo Z
28,char,burrows_delta,351,491,0.4635313958046616,-2.2142002181936324,Zkr
29,mfw,cosine_delta,134,491,-0.6110829576577707,-2.696294529959468,Rimkus
29,mfw,burrows_delta,217,491,-0.26677883783590883,-2.2522789226006807,Assaf
29,char,cosine_delta,83,491,-1.0190375040176796,-2.8139692931016436,Beendo Z
29,char,burrows_delta,356,491,0.4061746157336857,-2.30487877426048,L’Entourage
