rep,rang_cible,n_candidats,sep_cible,sep_top1,top1,rang_Kerchak,rang_Beendo Z,rang_ISK,rang_Werenoi,rang_Zkr,variante
0,143,327,-0.16884689309666137,-2.4638742638885,Beendo Z,2,1,9,4,14,textes complets
1,197,327,0.33102306742692994,-2.4866785069119306,UZI (FRA),3,2,11,4,15,textes complets
2,91,327,-0.6734574994062381,-2.2718291343363246,ISK,4,6,1,9,10,textes complets
3,146,327,-0.20789014320115062,-2.531519808448394,Kerchak,1,5,7,12,2,textes complets
4,87,327,-0.6874301632939367,-2.3303144729536474,Kerchak,1,3,23,10,5,textes complets
5,169,327,0.030363267666826222,-2.4230767083361293,UZI (FRA),2,3,8,4,17,textes complets
6,66,327,-0.8698190031917217,-2.3686851951314485,Zkr,2,4,8,5,1,textes complets
7,138,327,-0.2252995155706093,-2.4190851233014907,Roshi,6,2,36,3,4,textes complets
8,162,327,-0.05298979032894747,-2.4806127830471643,Kerchak,1,2,7,5,13,textes complets
9,140,327,-0.20012787277828034,-2.340280762293479,UZI (FRA),3,10,12,5,4,textes complets
10,156,327,-0.0783774318970474,-2.368555000531115,Beendo Z,3,1,6,4,18,textes complets
11,136,327,-0.19048177508177386,-2.2598908271725286,Beendo Z,5,1,7,6,3,textes complets
12,157,327,-0.038368245550673176,-2.5865413884175315,Beendo Z,3,1,10,2,26,textes complets
13,138,327,-0.23136149023907382,-2.4509385901239713,UZI (FRA),4,2,21,5,7,textes complets
14,154,327,-0.025530879686889052,-2.3309670411037793,Beendo Z,2,1,5,4,7,textes complets
15,134,327,-0.2797750679787187,-2.478151068595822,UZI (FRA),2,9,12,5,8,textes complets
16,148,327,-0.07454715670601972,-2.3281984506664815,Fresh laDouille,6,3,5,13,12,textes complets
17,72,327,-0.8263788986546391,-2.8144853180357936,Beendo Z,3,1,10,9,8,textes complets
18,89,327,-0.6852935315103287,-2.404389810128365,Beendo Z,5,1,4,2,19,textes complets
19,154,327,-0.09328159646560759,-2.3171539101208127,UZI (FRA),5,2,3,10,8,textes complets
20,63,327,-0.8856487639633281,-2.5610954613837884,ISK,4,2,1,10,8,textes complets
21,135,327,-0.22581147019009232,-2.3358648690382675,UZI (FRA),3,6,5,13,17,textes complets
22,65,327,-0.9273019063839824,-2.288308910133304,Kerchak,1,6,8,2,3,textes complets
23,144,327,-0.2571241589106202,-2.3100710099349717,Beendo Z,3,1,12,4,16,textes complets
24,78,327,-0.7934223148933551,-2.5242480169346395,Zkr,2,8,31,3,1,textes complets
25,127,327,-0.34011974915004645,-2.250840556373358,Beendo Z,6,1,2,8,5,textes complets
26,110,327,-0.45076407282738096,-2.3980508597872396,Werenoi,2,11,7,1,4,textes complets
27,131,327,-0.28661681710222753,-2.5002945986769505,Beendo Z,2,1,4,3,16,textes complets
28,139,327,-0.23251257940836828,-2.543269445101804,Beendo Z,5,1,29,2,11,textes complets
29,98,327,-0.6162797523502663,-2.3388339212947984,Maes,5,4,18,6,2,textes complets
0,164,326,0.06540533998561635,-2.2903322729024365,Beendo Z,4,1,9,2,15,sans ad-libs entre parenthèses
1,124,326,-0.3397983449287494,-2.710687570896831,Werenoi,2,8,9,1,13,sans ad-libs entre parenthèses
2,146,326,-0.13411867280770423,-2.594196547015607,Werenoi,3,10,18,1,8,sans ad-libs entre parenthèses
3,184,326,0.19657344967665125,-2.5935297635974166,Werenoi,4,3,13,1,2,sans ad-libs entre parenthèses
4,133,326,-0.2796666979041368,-2.508042615829187,Kerchak,1,5,4,2,9,sans ad-libs entre parenthèses
5,88,326,-0.6750553665475906,-2.498486439754323,Werenoi,3,7,2,1,14,sans ad-libs entre parenthèses
6,100,326,-0.6011909754641998,-2.4648481873170476,Zkr,4,7,9,2,1,sans ad-libs entre parenthèses
7,161,326,0.018816817376190363,-2.400933203716168,ASHE 22,2,10,9,4,15,sans ad-libs entre parenthèses
8,129,326,-0.30771686394519493,-2.450252902602939,Kerchak,1,4,18,2,3,sans ad-libs entre parenthèses
9,143,326,-0.15823464694316455,-2.528897535320205,Werenoi,2,3,6,1,24,sans ad-libs entre parenthèses
10,149,326,-0.11684606920178604,-2.699414298360404,Werenoi,6,5,4,1,3,sans ad-libs entre parenthèses
11,150,326,-0.14244778268944877,-2.467562234798411,Beendo Z,3,1,8,4,15,sans ad-libs entre parenthèses
12,111,326,-0.4350868356352722,-2.459707608394194,Beendo Z,3,1,22,2,11,sans ad-libs entre parenthèses
13,130,326,-0.31091307747918845,-2.409172001117915,Beendo Z,2,1,4,3,7,sans ad-libs entre parenthèses
14,149,326,-0.0830798052260479,-2.6143798635083204,UZI (FRA),2,4,27,3,12,sans ad-libs entre parenthèses
15,130,326,-0.3489719964161364,-2.6960684208888557,Werenoi,3,5,19,1,21,sans ad-libs entre parenthèses
16,115,326,-0.4370077546492261,-2.628178608549092,Werenoi,5,2,10,1,6,sans ad-libs entre parenthèses
17,140,326,-0.14977581849153165,-2.475172152825089,Werenoi,2,6,13,1,3,sans ad-libs entre parenthèses
18,108,326,-0.5298371191120255,-2.511356731054613,Beendo Z,2,1,10,3,32,sans ad-libs entre parenthèses
19,118,326,-0.4121278908140508,-2.4360120624599064,Werenoi,5,4,20,1,9,sans ad-libs entre parenthèses
20,122,326,-0.368508108730689,-2.66281590399372,Werenoi,2,5,7,1,16,sans ad-libs entre parenthèses
21,105,326,-0.5205062233552478,-2.735908172777734,Zkr,5,2,7,3,1,sans ad-libs entre parenthèses
22,120,326,-0.3894814797530009,-2.3610768349809153,Kerchak,1,4,43,3,26,sans ad-libs entre parenthèses
23,136,326,-0.2687312672857818,-2.6864838171621064,Werenoi,5,2,7,1,14,sans ad-libs entre parenthèses
24,141,326,-0.16994403732708732,-2.3701083665267464,Zkr,4,3,9,2,1,sans ad-libs entre parenthèses
25,178,326,0.11756295751265036,-2.514897980736026,UZI (FRA),3,6,12,4,2,sans ad-libs entre parenthèses
26,117,326,-0.3801982476880371,-2.8036025348792757,Werenoi,5,3,2,1,4,sans ad-libs entre parenthèses
27,160,326,0.0052245062104510865,-2.481725073465679,Kerchak,1,7,6,2,15,sans ad-libs entre parenthèses
28,92,326,-0.674838596568723,-2.5055485364164904,Werenoi,3,2,5,1,44,sans ad-libs entre parenthèses
29,144,326,-0.14165055239500754,-2.5032393256790515,SCH,2,6,13,3,12,sans ad-libs entre parenthèses
0,132,326,-0.2724803306231624,-2.4480247077532713,Beendo Z,3,1,12,2,17,"web7 depuis 2019, sans ad-libs"
1,153,326,-0.07402339802886303,-2.51462901496323,UZI (FRA),2,4,5,3,6,"web7 depuis 2019, sans ad-libs"
2,157,326,-0.05584127709512271,-2.4690434737035334,Werenoi,3,4,6,1,16,"web7 depuis 2019, sans ad-libs"
3,75,326,-0.839460101045072,-2.539246512831649,Werenoi,2,3,19,1,20,"web7 depuis 2019, sans ad-libs"
4,90,326,-0.659571132883792,-2.458961070105499,Beendo Z,5,1,3,2,9,"web7 depuis 2019, sans ad-libs"
5,98,326,-0.5728076205984919,-2.420807893922992,Werenoi,2,11,5,1,3,"web7 depuis 2019, sans ad-libs"
6,99,326,-0.5313717681266226,-2.6319224947905777,Kerchak,1,2,12,3,42,"web7 depuis 2019, sans ad-libs"
7,110,326,-0.4808516402795189,-2.59462484899927,Kerchak,1,3,12,2,9,"web7 depuis 2019, sans ad-libs"
8,138,326,-0.18226222876172685,-2.4076797492727153,Werenoi,2,3,21,1,18,"web7 depuis 2019, sans ad-libs"
9,89,326,-0.6313842186591864,-2.3512300179968886,Beendo Z,2,1,6,3,4,"web7 depuis 2019, sans ad-libs"
10,144,326,-0.1200584273473361,-2.49178544238574,Werenoi,2,4,24,1,7,"web7 depuis 2019, sans ad-libs"
11,174,326,0.1277201015431369,-2.522505598997523,Kerchak,1,3,6,4,25,"web7 depuis 2019, sans ad-libs"
12,161,326,-0.023806409561243115,-2.4915452238219666,Kerchak,1,7,13,2,21,"web7 depuis 2019, sans ad-libs"
13,170,326,0.0971833962806794,-2.3023383021548156,Werenoi,2,4,18,1,21,"web7 depuis 2019, sans ad-libs"
14,136,326,-0.23503216940903818,-2.6911502430958603,UZI (FRA),2,5,24,3,12,"web7 depuis 2019, sans ad-libs"
15,144,326,-0.11842132337348066,-2.351516237843386,Zkr,4,3,9,2,1,"web7 depuis 2019, sans ad-libs"
16,124,326,-0.30218769969091896,-2.4389368939469964,Werenoi,3,6,2,1,19,"web7 depuis 2019, sans ad-libs"
17,140,326,-0.21747737924447674,-2.3696264530570494,Beendo Z,4,1,22,2,5,"web7 depuis 2019, sans ad-libs"
18,134,326,-0.28642038117813245,-2.3528871428195184,Kerchak,1,9,8,5,2,"web7 depuis 2019, sans ad-libs"
19,148,326,-0.07983594230860049,-2.5190767045106,UZI (FRA),2,3,45,4,11,"web7 depuis 2019, sans ad-libs"
20,106,326,-0.49829202414317864,-2.3952560381642227,Werenoi,3,8,2,1,16,"web7 depuis 2019, sans ad-libs"
21,119,326,-0.315218097314517,-2.597630889205667,Werenoi,3,2,5,1,14,"web7 depuis 2019, sans ad-libs"
22,122,326,-0.3950428351198245,-2.4443653220077275,Werenoi,2,5,4,1,3,"web7 depuis 2019, sans ad-libs"
23,123,326,-0.34693214360714275,-2.550116941829487,Werenoi,2,8,9,1,3,"web7 depuis 2019, sans ad-libs"
24,107,326,-0.5473925243848342,-2.642116326538956,Beendo Z,2,1,8,3,6,"web7 depuis 2019, sans ad-libs"
25,145,326,-0.2176544541625912,-2.3832093837674453,Kerchak,1,4,17,5,8,"web7 depuis 2019, sans ad-libs"
26,183,326,0.19528173131365745,-2.549783761352817,Beendo Z,2,1,26,3,11,"web7 depuis 2019, sans ad-libs"
27,120,326,-0.34618330979868417,-2.4180766900721116,Kerchak,1,5,4,2,16,"web7 depuis 2019, sans ad-libs"
28,156,326,-0.03092715046421584,-2.527707775640417,Werenoi,3,7,6,1,5,"web7 depuis 2019, sans ad-libs"
29,130,326,-0.328943396641717,-2.843124120144191,Beendo Z,5,1,6,3,9,"web7 depuis 2019, sans ad-libs"
0,159,326,-0.04551091934444746,-2.9221824444699513,Lycos,104,33,91,228,77,inverse : Ziak vu depuis web7
1,135,326,-0.2936771372249291,-3.0792447283520255,Lycos,44,94,105,173,32,inverse : Ziak vu depuis web7
2,137,326,-0.29102428629033134,-3.1778609872459462,Lycos,75,58,144,167,37,inverse : Ziak vu depuis web7
3,112,326,-0.39831205774903594,-2.947111968897862,Lycos,92,22,66,231,10,inverse : Ziak vu depuis web7
4,137,326,-0.2619162803224408,-3.247613694311727,Lycos,82,31,179,215,17,inverse : Ziak vu depuis web7
5,110,326,-0.47689014392205975,-2.632049330586894,Rounhaa,47,21,122,196,56,inverse : Ziak vu depuis web7
6,135,326,-0.22405980258512526,-2.987488103158562,Lycos,89,46,105,220,81,inverse : Ziak vu depuis web7
7,157,326,-0.1654519743661257,-2.9603239543540774,Lycos,138,67,116,214,99,inverse : Ziak vu depuis web7
8,125,326,-0.3097872133095421,-3.3496487057028843,Lycos,64,22,138,234,49,inverse : Ziak vu depuis web7
9,85,326,-0.6397198100666612,-3.181613311950394,Lycos,47,17,51,199,52,inverse : Ziak vu depuis web7
10,91,326,-0.6027002253926118,-3.4646339396612786,Lycos,155,36,74,202,19,inverse : Ziak vu depuis web7
11,117,326,-0.41286517863373307,-3.0014312231952394,Lycos,112,54,166,203,69,inverse : Ziak vu depuis web7
12,128,326,-0.3452986981842302,-3.1145784261182543,Lycos,162,61,67,178,157,inverse : Ziak vu depuis web7
13,166,326,0.039634126138920145,-3.258276003554447,Lycos,131,68,64,171,33,inverse : Ziak vu depuis web7
14,113,326,-0.4865772641725548,-2.329632088537818,La Fève,78,31,123,194,17,inverse : Ziak vu depuis web7
15,126,326,-0.392826068125455,-2.9105321659317687,Lycos,50,33,82,155,29,inverse : Ziak vu depuis web7
16,178,326,0.10619219354166733,-3.336056528198504,Lycos,111,67,78,215,87,inverse : Ziak vu depuis web7
17,142,326,-0.2601828659882222,-2.7061167310638026,Lycos,96,54,129,201,80,inverse : Ziak vu depuis web7
18,114,326,-0.43973209653465634,-2.6539601894573117,Lycos,82,39,77,210,19,inverse : Ziak vu depuis web7
19,134,326,-0.2593705517189758,-3.229317262562495,Lycos,88,66,156,157,70,inverse : Ziak vu depuis web7
20,101,326,-0.5904861952960424,-3.037265591688067,Lycos,31,70,93,216,71,inverse : Ziak vu depuis web7
21,166,326,-0.041947854144218234,-2.8537855819120552,Lycos,114,54,144,182,73,inverse : Ziak vu depuis web7
22,136,326,-0.25692473600596777,-3.020545061347456,​nelick,112,37,137,182,23,inverse : Ziak vu depuis web7
23,123,326,-0.36561033882325883,-3.2681918373446277,Lycos,108,30,22,211,89,inverse : Ziak vu depuis web7
24,80,326,-0.7946077829947278,-2.777983161642599,Rounhaa,29,22,68,220,41,inverse : Ziak vu depuis web7
25,148,326,-0.1636951475669232,-2.541984344484491,Lycos,72,56,69,199,83,inverse : Ziak vu depuis web7
26,137,326,-0.2536709114273395,-3.1850107633628477,Lycos,99,23,118,212,116,inverse : Ziak vu depuis web7
27,152,326,-0.17757924660842617,-2.5731100888001404,Lycos,103,31,173,224,80,inverse : Ziak vu depuis web7
28,103,326,-0.6001264284194511,-2.7983153687999645,Lycos,85,87,108,159,43,inverse : Ziak vu depuis web7
29,82,326,-0.6852467322681163,-3.0489265964948697,Lycos,49,30,65,243,41,inverse : Ziak vu depuis web7
